2026-07-27 12:51:48,325 - INFO - Лог-файл: logs/download_log_20260727.log
2026-07-27 12:51:48,353 - INFO - Wi-Fi интерфейс: wlo1
2026-07-27 12:51:48,503 - INFO - База данных инициализирована
2026-07-27 12:51:48,526 - INFO - Проверка камер: в БД с SSID=2, ожидается=2
2026-07-27 12:51:48,526 - INFO -   OK: GCBT40 | FF:FF:FF:10:84:11 | SSID: CAM_80f2
2026-07-27 12:51:48,526 - INFO -   OK: GCBT40 | FF:FF:FF:10:FD:CD | SSID: CAM_d713
2026-07-27 12:51:48,533 - INFO - 
Активные камеры в БД:
2026-07-27 12:51:48,533 - INFO -   GCBT40 | FF:FF:FF:10:84:11 | SSID: CAM_80f2
2026-07-27 12:51:48,533 - INFO -   GCBT40 | FF:FF:FF:10:FD:CD | SSID: CAM_d713
2026-07-27 12:51:48,533 - INFO - 
==================================================
2026-07-27 12:51:48,533 - INFO - ФАЗА 3: Скачивание файлов
2026-07-27 12:51:48,533 - INFO - ==================================================
2026-07-27 12:51:48,781 - INFO - [FF:FF:FF:10:84:11] SnapshotLog #124 создан (StartTime=2026-07-27 12:51:48.533783)
2026-07-27 12:51:48,781 - INFO - 
=== КАМЕРА 1/2: GCBT40 (FF:FF:FF:10:84:11) ===
2026-07-27 12:51:48,781 - INFO - BLE: Поиск устройства FF:FF:FF:10:84:11...
2026-07-27 12:51:49,109 - INFO - BLE: Устройство FF:FF:FF:10:84:11 найдено (GCBT40). Отправка 'open'...
2026-07-27 12:51:50,469 - INFO - BLE: Команда 'open' успешно отправлена на FF:FF:FF:10:84:11
2026-07-27 12:51:53,864 - INFO - Ожидание Wi-Fi (25 сек)...
2026-07-27 12:52:18,889 - INFO - Wi-Fi: Подключение к CAM_80f2 (таймаут 35 сек)...
2026-07-27 12:52:20,982 - INFO - Wi-Fi: Профиль 'CAM_80f2' создан
2026-07-27 12:52:56,106 - WARNING - Wi-Fi: Не удалось подключиться к CAM_80f2 за 35 сек (1 попыток)
2026-07-27 12:52:56,107 - WARNING - [FF:FF:FF:10:84:11] Wi-Fi не подключился (1 попыток). Пропуск.
2026-07-27 12:52:56,107 - INFO - [FF:FF:FF:10:84:11] Завершено. Закрываю Wi-Fi...
2026-07-27 12:52:56,107 - INFO - BLE: Поиск устройства FF:FF:FF:10:84:11...
2026-07-27 12:52:56,319 - INFO - BLE: Устройство FF:FF:FF:10:84:11 найдено (GCBT40). Отправка 'close'...
2026-07-27 12:52:58,669 - INFO - BLE: Команда 'close' успешно отправлена на FF:FF:FF:10:84:11
2026-07-27 12:53:01,725 - INFO - Wi-Fi: активное wifi-подключение не найдено
2026-07-27 12:53:01,725 - INFO - [FF:FF:FF:10:84:11] BLE open: 1/8, Wi-Fi connect: 1, Wi-Fi reconnect: 0/9
2026-07-27 12:53:01,741 - INFO - [FF:FF:FF:10:84:11] SnapshotLog #124 обновлён (EndTime=2026-07-27 12:53:01.725860, duration=0:01:13.192077)
2026-07-27 12:53:01,741 - INFO - Пауза 20 сек...
2026-07-27 12:53:22,048 - INFO - [FF:FF:FF:10:FD:CD] SnapshotLog #125 создан (StartTime=2026-07-27 12:53:21.761167)
2026-07-27 12:53:22,048 - INFO - 
=== КАМЕРА 2/2: GCBT40 (FF:FF:FF:10:FD:CD) ===
2026-07-27 12:53:22,049 - INFO - BLE: Поиск устройства FF:FF:FF:10:FD:CD...
2026-07-27 12:53:22,317 - INFO - BLE: Устройство FF:FF:FF:10:FD:CD найдено (GCBT40). Отправка 'open'...
2026-07-27 12:53:24,069 - INFO - BLE: Команда 'open' успешно отправлена на FF:FF:FF:10:FD:CD
2026-07-27 12:53:26,003 - INFO - Ожидание Wi-Fi (25 сек)...
2026-07-27 12:53:51,027 - INFO - Wi-Fi: Подключение к CAM_d713 (таймаут 35 сек)...
2026-07-27 12:53:53,112 - INFO - Wi-Fi: Профиль 'CAM_d713' создан
2026-07-27 12:54:07,667 - INFO - Wi-Fi: Подключено к CAM_d713 (попытка 1)
2026-07-27 12:54:07,758 - INFO - HEALTH: камера доступна
2026-07-27 12:54:07,964 - INFO - HEALTH: камера доступна
2026-07-27 12:54:07,964 - INFO - API cmd=3015: запрос списка файлов -> http://192.168.1.254/?custom=1&cmd=3015
2026-07-27 12:54:08,041 - INFO - API cmd=3015: HTTP 200, 45685 байт
2026-07-27 12:54:08,041 - INFO - API cmd=3015 ответ:
<?xml version="1.0" encoding="UTF-8" ?>
<LIST>
<ALLFile><File>
<NAME>2026-0724-153422_000075.JPG</NAME>
<FPATH>A:\DCIM\PHOTO\2026-0724-153422_000075.JPG</FPATH>
<SIZE>5298072</SIZE>
<TIMECODE>1559788619</TIMECODE>
<TIME>2026/07/24 15:34:22</TIME>
<ATTR>32</ATTR></File>
</ALLFile>
<ALLFile><File>
<NAME>2026-0724-153431_000076.JPG</NAME>
<FPATH>A:\DCIM\PHOTO\2026-0724-153431_000076.JPG</FPATH>
<SIZE>5580668</SIZE>
<TIMECODE>1559788624</TIMECODE>
<TIME>2026/07/24 15:34:32</TIME>
<ATTR>32</ATTR></File>
</ALLFile>
<ALLFile><File>
<NAME>2026-0724-153442_000077.JPG</NAME>
<FPATH>A:\DCIM\PHOTO\2026-0724-153442_000077.JPG</FPATH>
<SIZE>5640830</SIZE>
<TIMECODE>1559788629</TIMECODE>
<TIME>2026/07/24 15:34:42</TIME>
<ATTR>32</ATTR></File>
</ALLFile>
<ALLFile><File>
<NAME>2026-0724-153451_000078.JPG</NAME>
<FPATH>A:\DCIM\PHOTO\2026-0724-153451_000078.JPG</FPATH>
<SIZE>5642226</SIZE>
<TIMECODE>1559788633</TIMECODE>
<TIME>2026/07/24 15:34:50</TIME>
<ATTR>32</ATTR></File>
</ALLFile>
<ALLFile><File>
<NAME>2026-0724-153457_000079.JPG</NAME>
<FPATH>A:\DCIM\PHOTO\2026-0724-153457_000079.JPG</FPATH>
<SIZE>5441730</SIZE>
<TIMECODE>1559788637</TIMECODE>
<TIME>2026/07/24 15:34:58</TIME>
<ATTR>32</ATTR></File>
</ALLFile>
<ALLFile><File>
<NAME>2026-0724-153546_000080.JPG</NAME>
<FPATH>A:\DCIM\PHOTO\2026-0724-153546_000080.JPG</FPATH>
<SIZE>6424419</SIZE>
<TIMECODE>1559788663</TIMECODE>
<TIME>2026/07/24 15:35:46</TIME>
<ATTR>32</ATTR></File>
</ALLFile>
<ALLFile><File>
<NAME>2026-0724-153555_000081.JPG</NAME>
<FPATH>A:\DCIM\PHOTO\2026-0724-153555_000081.JPG</FPATH>
<SIZE>5711817</SIZE>
<TIMECODE>1559788667</TIMECODE>
<TIME>2026/07/24 15:35:54</TIME>
<ATTR>32</ATTR></File>
</ALLFile>
<ALLFile><File>
<NAME>2026-0724-153604_000082.JPG</NAME>
<FPATH>A:\DCIM\PHOTO\2026-0724-153604_000082.JPG</FPATH>
<SIZE>5810039</SIZE>
<TIMECODE>1559788674</TIMECODE>
<TIME>2026/07/24 15:36:04</TIME>
<ATTR>32</ATTR></File>
</ALLFile>
<ALLFile><File>
<NAME>2026-0724-153613_000083.JPG</NAME>
<FPATH>A:\DCIM\PHOTO\2026-0724-153613_000083.JPG</FPATH>
<SIZE>5963661</SIZE>
<TIMECODE>1559788678</TIMECODE>
<TIME>2026/07/24 15:36:12</TIME>
<ATTR>32</ATTR></File>
</ALLFile>
<ALLFile><File>
<NAME>2026-0724-153934_000084.JPG</NAME>
<FPATH>A:\DCIM\PHOTO\2026-0724-153934_000084.JPG</FPATH>
<SIZE>6079396</SIZE>
<TIMECODE>1559788785</TIMECODE>
<TIME>2026/07/24 15:39:34</TIME>
<ATTR>32</ATTR></File>
</ALLFile>
<ALLFile><File>
<NAME>2026-0724-154200_000085.JPG</NAME>
<FPATH>A:\DCIM\PHOTO\2026-0724-154200_000085.JPG</FPATH>
<SIZE>5950993</SIZE>
<TIMECODE>1559788864</TIMECODE>
<TIME>2026/07/24 15:42:00</TIME>
<ATTR>32</ATTR></File>
</ALLFile>
<ALLFile><File>
<NAME>2026-0724-154240_000086.JPG</NAME>
<FPATH>A:\DCIM\PHOTO\2026-0724-154240_000086.JPG</FPATH>
<SIZE>5758442</SIZE>
<TIMECODE>1559788884</TIMECODE>
<TIME>2026/07/24 15:42:40</TIME>
<ATTR>32</ATTR></File>
</ALLFile>
<ALLFile><File>
<NAME>2026-0724-154349_000087.JPG</NAME>
<FPATH>A:\DCIM\PHOTO\2026-0724-154349_000087.JPG</FPATH>
<SIZE>5830847</SIZE>
<TIMECODE>1559788920</TIMECODE>
<TIME>2026/07/24 15:43:48</TIME>
<ATTR>32</ATTR></File>
</ALLFile>
<ALLFile><File>
<NAME>2026-0724-154541_000088.JPG</NAME>
<FPATH>A:\DCIM\PHOTO\2026-0724-154541_000088.JPG</FPATH>
<SIZE>6245743</SIZE>
<TIMECODE>1559788980</TIMECODE>
<TIME>2026/07/24 15:45:40</TIME>
<ATTR>32</ATTR></File>
</ALLFile>
<ALLFile><File>
<NAME>2026-0724-154720_000089.JPG</NAME>
<FPATH>A:\DCIM\PHOTO\2026-0724-154720_000089.JPG</FPATH>
<SIZE>5649457</SIZE>
<TIMECODE>1559789034</TIMECODE>
<TIME>2026/07/24 15:47:20</TIME>
<ATTR>32</ATTR></File>
</ALLFile>
<ALLFile><File>
<NAME>2026-0724-155028_000090.JPG</NAME>
<FPATH>A:\DCIM\PHOTO\2026-0724-155028_000090.JPG</FPATH>
<SIZE>6141523</SIZE>
<TIMECODE>1559789134</TIMECODE>
<TIME>2026/07/24 15:50:28</TIME>
<ATTR>32</ATTR></File>
</ALLFile>
<ALLFile><File>
<NAME>2026-0724-155154_000091.JPG</NAME>
<FPATH>A:\DCIM\PHOTO\2026-0724-155154_000091.JPG</FPATH>
<SIZE>5629879</SIZE>
<TIMECODE>1559789179</TIMECODE>
<TIME>2026/07/24 15:51:54</TIME>
<ATTR>32</ATTR></File>
</ALLFile>
<ALLFile><File>
<NAME>2026-0724-155503_000092.JPG</NAME>
<FPATH>A:\DCIM\PHOTO\2026-0724-155503_000092.JPG</FPATH>
<SIZE>6132275</SIZE>
<TIMECODE>1559789282</TIMECODE>
<TIME>2026/07/24 15:55:04</TIME>
<ATTR>32</ATTR></File>
</ALLFile>
<ALLFile><File>
<NAME>2026-0724-155703_000093.JPG</NAME>
<FPATH>A:\DCIM\PHOTO\2026-0724-155703_000093.JPG</FPATH>
<SIZE>6121851</SIZE>
<TIMECODE>1559789345</TIMECODE>
<TIME>2026/07/24 15:57:02</TIME>
<ATTR>32</ATTR></File>
</ALLFile>
<ALLFile><File>
<NAME>2026-0724-160005_000094.JPG</NAME>
<FPATH>A:\DCIM\PHOTO\2026-0724-160005_000094.JPG</FPATH>
<SIZE>5918599</SIZE>
<TIMECODE>1559789571</TIMECODE>
<TIME>2026/07/24 16:00:06</TIME>
<ATTR>32</ATTR></File>
</ALLFile>
<ALLFile><File>
<NAME>2026-0724-160015_000095.JPG</NAME>
<FPATH>A:\DCIM\PHOTO\2026-0724-160015_000095.JPG</FPATH>
<SIZE>5521969</SIZE>
<TIMECODE>1559789575</TIMECODE>
<TIME>2026/07/24 16:00:14</TIME>
<ATTR>32</ATTR></File>
</ALLFile>
<ALLFile><File>
<NAME>2026-0724-160024_000096.JPG</NAME>
<FPATH>A:\DCIM\PHOTO\2026-0724-160024_000096.JPG</FPATH>
<SIZE>5587315</SIZE>
<TIMECODE>1559789580</TIMECODE>
<TIME>2026/07/24 16:00:24</TIME>
<ATTR>32</ATTR></File>
</ALLFile>
<ALLFile><File>
<NAME>2026-0724-160129_000097.JPG</NAME>
<FPATH>A:\DCIM\PHOTO\2026-0724-160129_000097.JPG</FPATH>
<SIZE>5524324</SIZE>
<TIMECODE>1559789614</TIMECODE>
<TIME>2026/07/24 16:01:28</TIME>
<ATTR>32</ATTR></File>
</ALLFile>
<ALLFile><File>
<NAME>2026-0724-160308_000098.JPG</NAME>
<FPATH>A:\DCIM\PHOTO\2026-0724-160308_000098.JPG</FPATH>
<SIZE>6218805</SIZE>
<TIMECODE>1559789668</TIMECODE>
<TIME>2026/07/24 16:03:08</TIME>
<ATTR>32</ATTR></File>
</ALLFile>
<ALLFile><File>
<NAME>2026-0724-160322_000099.JPG</NAME>
<FPATH>A:\DCIM\PHOTO\2026-0724-160322_000099.JPG</FPATH>
<SIZE>5761483</SIZE>
<TIMECODE>1559789675</TIMECODE>
<TIME>2026/07/24 16:03:22</TIME>
<ATTR>32</ATTR></File>
</ALLFile>
<ALLFile><File>
<NAME>2026-0724-160343_000100.JPG</NAME>
<FPATH>A:\DCIM\PHOTO\2026-0724-160343_000100.JPG</FPATH>
<SIZE>5552336</SIZE>
<TIMECODE>1559789685</TIMECODE>
<TIME>2026/07/24 16:03:42</TIME>
<ATTR>32</ATTR></File>
</ALLFile>
<ALLFile><File>
<NAME>2026-0724-160425_000101.JPG</NAME>
<FPATH>A:\DCIM\PHOTO\2026-0724-160425_000101.JPG</FPATH>
<SIZE>5622976</SIZE>
<TIMECODE>1559789708</TIMECODE>
<TIME>2026/07/24 16:04:24</TIME>
<ATTR>32</ATTR></File>
</ALLFile>
<ALLFile><File>
<NAME>2026-0724-160619_000102.JPG</NAME>
<FPATH>A:\DCIM\PHOTO\2026-0724-160619_000102.JPG</FPATH>
<SIZE>6191387</SIZE>
<TIMECODE>1559789769</TIMECODE>
<TIME>2026/07/24 16:06:18</TIME>
<ATTR>32</ATTR></File>
</ALLFile>
<ALLFile><File>
<NAME>2026-0724-160859_000103.JPG</NAME>
<FPATH>A:\DCIM\PHOTO\2026-0724-160859_000103.JPG</FPATH>
<SIZE>6254852</SIZE>
<TIMECODE>1559789853</TIMECODE>
<TIME>2026/07/24 16:08:58</TIME>
<ATTR>32</ATTR></File>
</ALLFile>
<ALLFile><File>
<NAME>2026-0724-161009_000104.JPG</NAME>
<FPATH>A:\DCIM\PHOTO\2026-0724-161009_000104.JPG</FPATH>
<SIZE>5582208</SIZE>
<TIMECODE>1559789892</TIMECODE>
<TIME>2026/07/24 16:10:08</TIME>
<ATTR>32</ATTR></File>
</ALLFile>
<ALLFile><File>
<NAME>2026-0724-161846_000105.JPG</NAME>
<FPATH>A:\DCIM\PHOTO\2026-0724-161846_000105.JPG</FPATH>
<SIZE>5541245</SIZE>
<TIMECODE>1559790167</TIMECODE>
<TIME>2026/07/24 16:18:46</TIME>
<ATTR>32</ATTR></File>
</ALLFile>
<ALLFile><File>
<NAME>2026-0724-162936_000106.JPG</NAME>
<FPATH>A:\DCIM\PHOTO\2026-0724-162936_000106.JPG</FPATH>
<SIZE>6447624</SIZE>
<TIMECODE>1559790514</TIMECODE>
<TIME>2026/07/24 16:29:36</TIME>
<ATTR>32</ATTR></File>
</ALLFile>
<ALLFile><File>
<NAME>2026-0724-162958_000107.JPG</NAME>
<FPATH>A:\DCIM\PHOTO\2026-0724-162958_000107.JPG</FPATH>
<SIZE>5417552</SIZE>
<TIMECODE>1559790525</TIMECODE>
<TIME>2026/07/24 16:29:58</TIME>
<ATTR>32</ATTR></File>
</ALLFile>
<ALLFile><File>
<NAME>2026-0724-163053_000108.JPG</NAME>
<FPATH>A:\DCIM\PHOTO\2026-0724-163053_000108.JPG</FPATH>
<SIZE>6381126</SIZE>
<TIMECODE>1559790554</TIMECODE>
<TIME>2026/07/24 16:30:52</TIME>
<ATTR>32</ATTR></File>
</ALLFile>
<ALLFile><File>
<NAME>2026-0724-163101_000109.JPG</NAME>
<FPATH>A:\DCIM\PHOTO\2026-0724-163101_000109.JPG</FPATH>
<SIZE>5443907</SIZE>
<TIMECODE>1559790560</TIMECODE>
<TIME>2026/07/24 16:31:00</TIME>
<ATTR>32</ATTR></File>
</ALLFile>
<ALLFile><File>
<NAME>2026-0724-163229_000110.JPG</NAME>
<FPATH>A:\DCIM\PHOTO\2026-0724-163229_000110.JPG</FPATH>
<SIZE>6470674</SIZE>
<TIMECODE>1559790606</TIMECODE>
<TIME>2026/07/24 16:32:28</TIME>
<ATTR>32</ATTR></File>
</ALLFile>
<ALLFile><File>
<NAME>2026-0724-163538_000111.JPG</NAME>
<FPATH>A:\DCIM\PHOTO\2026-0724-163538_000111.JPG</FPATH>
<SIZE>6047238</SIZE>
<TIMECODE>1559790707</TIMECODE>
<TIME>2026/07/24 16:35:38</TIME>
<ATTR>32</ATTR></File>
</ALLFile>
<ALLFile><File>
<NAME>2026-0724-163828_000112.JPG</NAME>
<FPATH>A:\DCIM\PHOTO\2026-0724-163828_000112.JPG</FPATH>
<SIZE>5957754</SIZE>
<TIMECODE>1559790798</TIMECODE>
<TIME>2026/07/24 16:38:28</TIME>
<ATTR>32</ATTR></File>
</ALLFile>
<ALLFile><File>
<NAME>2026-0724-164128_000113.JPG</NAME>
<FPATH>A:\DCIM\PHOTO\2026-0724-164128_000113.JPG</FPATH>
<SIZE>6044503</SIZE>
<TIMECODE>1559790894</TIMECODE>
<TIME>2026/07/24 16:41:28</TIME>
<ATTR>32</ATTR></File>
</ALLFile>
<ALLFile><File>
<NAME>2026-0724-164434_000114.JPG</NAME>
<FPATH>A:\DCIM\PHOTO\2026-0724-164434_000114.JPG</FPATH>
<SIZE>6044368</SIZE>
<TIMECODE>1559790993</TIMECODE>
<TIME>2026/07/24 16:44:34</TIME>
<ATTR>32</ATTR></File>
</ALLFile>
<ALLFile><File>
<NAME>2026-0724-164735_000115.JPG</NAME>
<FPATH>A:\DCIM\PHOTO\2026-0724-164735_000115.JPG</FPATH>
<SIZE>6041730</SIZE>
<TIMECODE>1559791089</TIMECODE>
<TIME>2026/07/24 16:47:34</TIME>
<ATTR>32</ATTR></File>
</ALLFile>
<ALLFile><File>
<NAME>2026-0724-165033_000116.JPG</NAME>
<FPATH>A:\DCIM\PHOTO\2026-0724-165033_000116.JPG</FPATH>
<SIZE>5964723</SIZE>
<TIMECODE>1559791185</TIMECODE>
<TIME>2026/07/24 16:50:34</TIME>
<ATTR>32</ATTR></File>
</ALLFile>
<ALLFile><File>
<NAME>2026-0724-165328_000117.JPG</NAME>
<FPATH>A:\DCIM\PHOTO\2026-0724-165328_000117.JPG</FPATH>
<SIZE>5975124</SIZE>
<TIMECODE>1559791278</TIMECODE>
<TIME>2026/07/24 16:53:28</TIME>
<ATTR>32</ATTR></File>
</ALLFile>
<ALLFile><File>
<NAME>2026-0724-165407_000118.JPG</NAME>
<FPATH>A:\DCIM\PHOTO\2026-0724-165407_000118.JPG</FPATH>
<SIZE>5801313</SIZE>
<TIMECODE>1559791300</TIMECODE>
<TIME>2026/07/24 16:54:08</TIME>
<ATTR>32</ATTR></File>
</ALLFile>
<ALLFile><File>
<NAME>2026-0724-165458_000119.JPG</NAME>
<FPATH>A:\DCIM\PHOTO\2026-0724-165458_000119.JPG</FPATH>
<SIZE>5730624</SIZE>
<TIMECODE>1559791325</TIMECODE>
<TIME>2026/07/24 16:54:58</TIME>
<ATTR>32</ATTR></File>
</ALLFile>
<ALLFile><File>
<NAME>2026-0724-165508_000120.JPG</NAME>
<FPATH>A:\DCIM\PHOTO\2026-0724-165508_000120.JPG</FPATH>
<SIZE>5380145</SIZE>
<TIMECODE>1559791332</TIMECODE>
<TIME>2026/07/24 16:55:08</TIME>
<ATTR>32</ATTR></File>
</ALLFile>
<ALLFile><File>
<NAME>2026-0724-165736_000121.JPG</NAME>
<FPATH>A:\DCIM\PHOTO\2026-0724-165736_000121.JPG</FPATH>
<SIZE>5973409</SIZE>
<TIMECODE>1559791410</TIMECODE>
<TIME>2026/07/24 16:57:36</TIME>
<ATTR>32</ATTR></File>
</ALLFile>
<ALLFile><File>
<NAME>2026-0724-170125_000122.JPG</NAME>
<FPATH>A:\DCIM\PHOTO\2026-0724-170125_000122.JPG</FPATH>
<SIZE>6158600</SIZE>
<TIMECODE>1559791661</TIMECODE>
<TIME>2026/07/24 17:01:26</TIME>
<ATTR>32</ATTR></File>
</ALLFile>
<ALLFile><File>
<NAME>2026-0724-170134_000123.JPG</NAME>
<FPATH>A:\DCIM\PHOTO\2026-0724-170134_000123.JPG</FPATH>
<SIZE>5705649</SIZE>
<TIMECODE>1559791665</TIMECODE>
<TIME>2026/07/24 17:01:34</TIME>
<ATTR>32</ATTR></File>
</ALLFile>
<ALLFile><File>
<NAME>2026-0724-170227_000124.JPG</NAME>
<FPATH>A:\DCIM\PHOTO\2026-0724-170227_000124.JPG</FPATH>
<SIZE>5698344</SIZE>
<TIMECODE>1559791693</TIMECODE>
<TIME>2026/07/24 17:02:26</TIME>
<ATTR>32</ATTR></File>
</ALLFile>
<ALLFile><File>
<NAME>2026-0724-170236_000125.JPG</NAME>
<FPATH>A:\DCIM\PHOTO\2026-0724-170236_000125.JPG</FPATH>
<SIZE>5730957</SIZE>
<TIMECODE>1559791698</TIMECODE>
<TIME>2026/07/24 17:02:36</TIME>
<ATTR>32</ATTR></File>
</ALLFile>
<ALLFile><File>
<NAME>2026-0724-170901_000126.JPG</NAME>
<FPATH>A:\DCIM\PHOTO\2026-0724-170901_000126.JPG</FPATH>
<SIZE>5833422</SIZE>
<TIMECODE>1559791905</TIMECODE>
<TIME>2026/07/24 17:09:02</TIME>
<ATTR>32</ATTR></File>
</ALLFile>
<ALLFile><File>
<NAME>2026-0724-170910_000127.JPG</NAME>
<FPATH>A:\DCIM\PHOTO\2026-0724-170910_000127.JPG</FPATH>
<SIZE>5790647</SIZE>
<TIMECODE>1559791909</TIMECODE>
<TIME>2026/07/24 17:09:10</TIME>
<ATTR>32</ATTR></File>
</ALLFile>
<ALLFile><File>
<NAME>2026-0724-171129_000128.JPG</NAME>
<FPATH>A:\DCIM\PHOTO\2026-0724-171129_000128.JPG</FPATH>
<SIZE>5831106</SIZE>
<TIMECODE>1559791982</TIMECODE>
<TIME>2026/07/24 17:11:28</TIME>
<ATTR>32</ATTR></File>
</ALLFile>
<ALLFile><File>
<NAME>2026-0724-171225_000129.JPG</NAME>
<FPATH>A:\DCIM\PHOTO\2026-0724-171225_000129.JPG</FPATH>
<SIZE>5799029</SIZE>
<TIMECODE>1559792012</TIMECODE>
<TIME>2026/07/24 17:12:24</TIME>
<ATTR>32</ATTR></File>
</ALLFile>
<ALLFile><File>
<NAME>2026-0724-171525_000130.JPG</NAME>
<FPATH>A:\DCIM\PHOTO\2026-0724-171525_000130.JPG</FPATH>
<SIZE>5853962</SIZE>
<TIMECODE>1559792108</TIMECODE>
<TIME>2026/07/24 17:15:24</TIME>
<ATTR>32</ATTR></File>
</ALLFile>
<ALLFile><File>
<NAME>2026-0724-171536_000131.JPG</NAME>
<FPATH>A:\DCIM\PHOTO\2026-0724-171536_000131.JPG</FPATH>
<SIZE>5776870</SIZE>
<TIMECODE>1559792114</TIMECODE>
<TIME>2026/07/24 17:15:36</TIME>
<ATTR>32</ATTR></File>
</ALLFile>
<ALLFile><File>
<NAME>2026-0724-171621_000132.JPG</NAME>
<FPATH>A:\DCIM\PHOTO\2026-0724-171621_000132.JPG</FPATH>
<SIZE>5737447</SIZE>
<TIMECODE>1559792138</TIMECODE>
<TIME>2026/07/24 17:16:20</TIME>
<ATTR>32</ATTR></File>
</ALLFile>
<ALLFile><File>
<NAME>2026-0724-171654_000133.JPG</NAME>
<FPATH>A:\DCIM\PHOTO\2026-0724-171654_000133.JPG</FPATH>
<SIZE>5787571</SIZE>
<TIMECODE>1559792155</TIMECODE>
<TIME>2026/07/24 17:16:54</TIME>
<ATTR>32</ATTR></File>
</ALLFile>
<ALLFile><File>
<NAME>2026-0724-171752_000134.JPG</NAME>
<FPATH>A:\DCIM\PHOTO\2026-0724-171752_000134.JPG</FPATH>
<SIZE>5972060</SIZE>
<TIMECODE>1559792186</TIMECODE>
<TIME>2026/07/24 17:17:52</TIME>
<ATTR>32</ATTR></File>
</ALLFile>
<ALLFile><File>
<NAME>2026-0724-172117_000135.JPG</NAME>
<FPATH>A:\DCIM\PHOTO\2026-0724-172117_000135.JPG</FPATH>
<SIZE>5710588</SIZE>
<TIMECODE>1559792297</TIMECODE>
<TIME>2026/07/24 17:21:18</TIME>
<ATTR>32</ATTR></File>
</ALLFile>
<ALLFile><File>
<NAME>2026-0724-172130_000136.JPG</NAME>
<FPATH>A:\DCIM\PHOTO\2026-0724-172130_000136.JPG</FPATH>
<SIZE>5760233</SIZE>
<TIMECODE>1559792303</TIMECODE>
<TIME>2026/07/24 17:21:30</TIME>
<ATTR>32</ATTR></File>
</ALLFile>
<ALLFile><File>
<NAME>2026-0724-172143_000137.JPG</NAME>
<FPATH>A:\DCIM\PHOTO\2026-0724-172143_000137.JPG</FPATH>
<SIZE>5782331</SIZE>
<TIMECODE>1559792310</TIMECODE>
<TIME>2026/07/24 17:21:44</TIME>
<ATTR>32</ATTR></File>
</ALLFile>
<ALLFile><File>
<NAME>2026-0724-174745_000138.JPG</NAME>
<FPATH>A:\DCIM\PHOTO\2026-0724-174745_000138.JPG</FPATH>
<SIZE>5653416</SIZE>
<TIMECODE>1559793143</TIMECODE>
<TIME>2026/07/24 17:47:46</TIME>
<ATTR>32</ATTR></File>
</ALLFile>
<ALLFile><File>
<NAME>2026-0724-174922_000139.JPG</NAME>
<FPATH>A:\DCIM\PHOTO\2026-0724-174922_000139.JPG</FPATH>
<SIZE>5697257</SIZE>
<TIMECODE>1559793195</TIMECODE>
<TIME>2026/07/24 17:49:22</TIME>
<ATTR>32</ATTR></File>
</ALLFile>
<ALLFile><File>
<NAME>2026-0724-174950_000140.JPG</NAME>
<FPATH>A:\DCIM\PHOTO\2026-0724-174950_000140.JPG</FPATH>
<SIZE>5748598</SIZE>
<TIMECODE>1559793209</TIMECODE>
<TIME>2026/07/24 17:49:50</TIME>
<ATTR>32</ATTR></File>
</ALLFile>
<ALLFile><File>
<NAME>2026-0724-174957_000141.JPG</NAME>
<FPATH>A:\DCIM\PHOTO\2026-0724-174957_000141.JPG</FPATH>
<SIZE>5678920</SIZE>
<TIMECODE>1559793213</TIMECODE>
<TIME>2026/07/24 17:49:58</TIME>
<ATTR>32</ATTR></File>
</ALLFile>
<ALLFile><File>
<NAME>2026-0724-175006_000142.JPG</NAME>
<FPATH>A:\DCIM\PHOTO\2026-0724-175006_000142.JPG</FPATH>
<SIZE>5680949</SIZE>
<TIMECODE>1559793219</TIMECODE>
<TIME>2026/07/24 17:50:06</TIME>
<ATTR>32</ATTR></File>
</ALLFile>
<ALLFile><File>
<NAME>2026-0724-175034_000143.JPG</NAME>
<FPATH>A:\DCIM\PHOTO\2026-0724-175034_000143.JPG</FPATH>
<SIZE>5898887</SIZE>
<TIMECODE>1559793233</TIMECODE>
<TIME>2026/07/24 17:50:34</TIME>
<ATTR>32</ATTR></File>
</ALLFile>
<ALLFile><File>
<NAME>2026-0724-175113_000144.JPG</NAME>
<FPATH>A:\DCIM\PHOTO\2026-0724-175113_000144.JPG</FPATH>
<SIZE>5670019</SIZE>
<TIMECODE>1559793254</TIMECODE>
<TIME>2026/07/24 17:51:12</TIME>
<ATTR>32</ATTR></File>
</ALLFile>
<ALLFile><File>
<NAME>2026-0724-175345_000145.JPG</NAME>
<FPATH>A:\DCIM\PHOTO\2026-0724-175345_000145.JPG</FPATH>
<SIZE>5656817</SIZE>
<TIMECODE>1559793334</TIMECODE>
<TIME>2026/07/24 17:53:44</TIME>
<ATTR>32</ATTR></File>
</ALLFile>
<ALLFile><File>
<NAME>2026-0724-175424_000146.JPG</NAME>
<FPATH>A:\DCIM\PHOTO\2026-0724-175424_000146.JPG</FPATH>
<SIZE>5541780</SIZE>
<TIMECODE>1559793356</TIMECODE>
<TIME>2026/07/24 17:54:24</TIME>
<ATTR>32</ATTR></File>
</ALLFile>
<ALLFile><File>
<NAME>2026-0724-175432_000147.JPG</NAME>
<FPATH>A:\DCIM\PHOTO\2026-0724-175432_000147.JPG</FPATH>
<SIZE>5740537</SIZE>
<TIMECODE>1559793360</TIMECODE>
<TIME>2026/07/24 17:54:32</TIME>
<ATTR>32</ATTR></File>
</ALLFile>
<ALLFile><File>
<NAME>2026-0724-175442_000148.JPG</NAME>
<FPATH>A:\DCIM\PHOTO\2026-0724-175442_000148.JPG</FPATH>
<SIZE>5608332</SIZE>
<TIMECODE>1559793365</TIMECODE>
<TIME>2026/07/24 17:54:42</TIME>
<ATTR>32</ATTR></File>
</ALLFile>
<ALLFile><File>
<NAME>2026-0724-175507_000149.JPG</NAME>
<FPATH>A:\DCIM\PHOTO\2026-0724-175507_000149.JPG</FPATH>
<SIZE>5712823</SIZE>
<TIMECODE>1559793380</TIMECODE>
<TIME>2026/07/24 17:55:08</TIME>
<ATTR>32</ATTR></File>
</ALLFile>
<ALLFile><File>
<NAME>2026-0724-175517_000150.JPG</NAME>
<FPATH>A:\DCIM\PHOTO\2026-0724-175517_000150.JPG</FPATH>
<SIZE>5876630</SIZE>
<TIMECODE>1559793384</TIMECODE>
<TIME>2026/07/24 17:55:16</TIME>
<ATTR>32</ATTR></File>
</ALLFile>
<ALLFile><File>
<NAME>2026-0724-175526_000151.JPG</NAME>
<FPATH>A:\DCIM\PHOTO\2026-0724-175526_000151.JPG</FPATH>
<SIZE>5742749</SIZE>
<TIMECODE>1559793389</TIMECODE>
<TIME>2026/07/24 17:55:26</TIME>
<ATTR>32</ATTR></File>
</ALLFile>
<ALLFile><File>
<NAME>2026-0724-175535_000152.JPG</NAME>
<FPATH>A:\DCIM\PHOTO\2026-0724-175535_000152.JPG</FPATH>
<SIZE>5672360</SIZE>
<TIMECODE>1559793393</TIMECODE>
<TIME>2026/07/24 17:55:34</TIME>
<ATTR>32</ATTR></File>
</ALLFile>
<ALLFile><File>
<NAME>2026-0724-175544_000153.JPG</NAME>
<FPATH>A:\DCIM\PHOTO\2026-0724-175544_000153.JPG</FPATH>
<SIZE>5901129</SIZE>
<TIMECODE>1559793398</TIMECODE>
<TIME>2026/07/24 17:55:44</TIME>
<ATTR>32</ATTR></File>
</ALLFile>
<ALLFile><File>
<NAME>2026-0724-175609_000154.JPG</NAME>
<FPATH>A:\DCIM\PHOTO\2026-0724-175609_000154.JPG</FPATH>
<SIZE>5441874</SIZE>
<TIMECODE>1559793412</TIMECODE>
<TIME>2026/07/24 17:56:08</TIME>
<ATTR>32</ATTR></File>
</ALLFile>
<ALLFile><File>
<NAME>2026-0724-175625_000155.JPG</NAME>
<FPATH>A:\DCIM\PHOTO\2026-0724-175625_000155.JPG</FPATH>
<SIZE>5824378</SIZE>
<TIMECODE>1559793421</TIMECODE>
<TIME>2026/07/24 17:56:26</TIME>
<ATTR>32</ATTR></File>
</ALLFile>
<ALLFile><File>
<NAME>2026-0724-175632_000156.JPG</NAME>
<FPATH>A:\DCIM\PHOTO\2026-0724-175632_000156.JPG</FPATH>
<SIZE>5788383</SIZE>
<TIMECODE>1559793424</TIMECODE>
<TIME>2026/07/24 17:56:32</TIME>
<ATTR>32</ATTR></File>
</ALLFile>
<ALLFile><File>
<NAME>2026-0724-175641_000157.JPG</NAME>
<FPATH>A:\DCIM\PHOTO\2026-0724-175641_000157.JPG</FPATH>
<SIZE>5575678</SIZE>
<TIMECODE>1559793428</TIMECODE>
<TIME>2026/07/24 17:56:40</TIME>
<ATTR>32</ATTR></File>
</ALLFile>
<ALLFile><File>
<NAME>2026-0724-175650_000158.JPG</NAME>
<FPATH>A:\DCIM\PHOTO\2026-0724-175650_000158.JPG</FPATH>
<SIZE>5747837</SIZE>
<TIMECODE>1559793433</TIMECODE>
<TIME>2026/07/24 17:56:50</TIME>
<ATTR>32</ATTR></File>
</ALLFile>
<ALLFile><File>
<NAME>2026-0724-175701_000159.JPG</NAME>
<FPATH>A:\DCIM\PHOTO\2026-0724-175701_000159.JPG</FPATH>
<SIZE>5838669</SIZE>
<TIMECODE>1559793440</TIMECODE>
<TIME>2026/07/24 17:57:00</TIME>
<ATTR>32</ATTR></File>
</ALLFile>
<ALLFile><File>
<NAME>2026-0724-175710_000160.JPG</NAME>
<FPATH>A:\DCIM\PHOTO\2026-0724-175710_000160.JPG</FPATH>
<SIZE>5890211</SIZE>
<TIMECODE>1559793445</TIMECODE>
<TIME>2026/07/24 17:57:10</TIME>
<ATTR>32</ATTR></File>
</ALLFile>
<ALLFile><File>
<NAME>2026-0724-175719_000161.JPG</NAME>
<FPATH>A:\DCIM\PHOTO\2026-0724-175719_000161.JPG</FPATH>
<SIZE>5623602</SIZE>
<TIMECODE>1559793449</TIMECODE>
<TIME>2026/07/24 17:57:18</TIME>
<ATTR>32</ATTR></File>
</ALLFile>
<ALLFile><File>
<NAME>2026-0724-175728_000162.JPG</NAME>
<FPATH>A:\DCIM\PHOTO\2026-0724-175728_000162.JPG</FPATH>
<SIZE>5696492</SIZE>
<TIMECODE>1559793454</TIMECODE>
<TIME>2026/07/24 17:57:28</TIME>
<ATTR>32</ATTR></File>
</ALLFile>
<ALLFile><File>
<NAME>2026-0724-175737_000163.JPG</NAME>
<FPATH>A:\DCIM\PHOTO\2026-0724-175737_000163.JPG</FPATH>
<SIZE>5736569</SIZE>
<TIMECODE>1559793458</TIMECODE>
<TIME>2026/07/24 17:57:36</TIME>
<ATTR>32</ATTR></File>
</ALLFile>
<ALLFile><File>
<NAME>2026-0724-175748_000164.JPG</NAME>
<FPATH>A:\DCIM\PHOTO\2026-0724-175748_000164.JPG</FPATH>
<SIZE>5782734</SIZE>
<TIMECODE>1559793464</TIMECODE>
<TIME>2026/07/24 17:57:48</TIME>
<ATTR>32</ATTR></File>
</ALLFile>
<ALLFile><File>
<NAME>2026-0724-175759_000165.JPG</NAME>
<FPATH>A:\DCIM\PHOTO\2026-0724-175759_000165.JPG</FPATH>
<SIZE>5778961</SIZE>
<TIMECODE>1559793469</TIMECODE>
<TIME>2026/07/24 17:57:58</TIME>
<ATTR>32</ATTR></File>
</ALLFile>
<ALLFile><File>
<NAME>2026-0724-175817_000166.JPG</NAME>
<FPATH>A:\DCIM\PHOTO\2026-0724-175817_000166.JPG</FPATH>
<SIZE>5445575</SIZE>
<TIMECODE>1559793480</TIMECODE>
<TIME>2026/07/24 17:58:16</TIME>
<ATTR>32</ATTR></File>
</ALLFile>
<ALLFile><File>
<NAME>2026-0724-175826_000167.JPG</NAME>
<FPATH>A:\DCIM\PHOTO\2026-0724-175826_000167.JPG</FPATH>
<SIZE>5756759</SIZE>
<TIMECODE>1559793485</TIMECODE>
<TIME>2026/07/24 17:58:26</TIME>
<ATTR>32</ATTR></File>
</ALLFile>
<ALLFile><File>
<NAME>2026-0724-175833_000168.JPG</NAME>
<FPATH>A:\DCIM\PHOTO\2026-0724-175833_000168.JPG</FPATH>
<SIZE>5764420</SIZE>
<TIMECODE>1559793488</TIMECODE>
<TIME>2026/07/24 17:58:32</TIME>
<ATTR>32</ATTR></File>
</ALLFile>
<ALLFile><File>
<NAME>2026-0724-175845_000169.JPG</NAME>
<FPATH>A:\DCIM\PHOTO\2026-0724-175845_000169.JPG</FPATH>
<SIZE>5693339</SIZE>
<TIMECODE>1559793495</TIMECODE>
<TIME>2026/07/24 17:58:46</TIME>
<ATTR>32</ATTR></File>
</ALLFile>
<ALLFile><File>
<NAME>2026-0724-180125_000170.JPG</NAME>
<FPATH>A:\DCIM\PHOTO\2026-0724-180125_000170.JPG</FPATH>
<SIZE>5659417</SIZE>
<TIMECODE>1559793708</TIMECODE>
<TIME>2026/07/24 18:01:24</TIME>
<ATTR>32</ATTR></File>
</ALLFile>
<ALLFile><File>
<NAME>2026-0724-180133_000171.JPG</NAME>
<FPATH>A:\DCIM\PHOTO\2026-0724-180133_000171.JPG</FPATH>
<SIZE>5709377</SIZE>
<TIMECODE>1559793713</TIMECODE>
<TIME>2026/07/24 18:01:34</TIME>
<ATTR>32</ATTR></File>
</ALLFile>
<ALLFile><File>
<NAME>2026-0724-180432_000172.JPG</NAME>
<FPATH>A:\DCIM\PHOTO\2026-0724-180432_000172.JPG</FPATH>
<SIZE>5816698</SIZE>
<TIMECODE>1559793808</TIMECODE>
<TIME>2026/07/24 18:04:32</TIME>
<ATTR>32</ATTR></File>
</ALLFile>
<ALLFile><File>
<NAME>2026-0724-180527_000173.JPG</NAME>
<FPATH>A:\DCIM\PHOTO\2026-0724-180527_000173.JPG</FPATH>
<SIZE>5796235</SIZE>
<TIMECODE>1559793837</TIMECODE>
<TIME>2026/07/24 18:05:26</TIME>
<ATTR>32</ATTR></File>
</ALLFile>
<ALLFile><File>
<NAME>2026-0724-180545_000174.JPG</NAME>
<FPATH>A:\DCIM\PHOTO\2026-0724-180545_000174.JPG</FPATH>
<SIZE>5901257</SIZE>
<TIMECODE>1559793847</TIMECODE>
<TIME>2026/07/24 18:05:46</TIME>
<ATTR>32</ATTR></File>
</ALLFile>
<ALLFile><File>
<NAME>2026-0724-180554_000175.JPG</NAME>
<FPATH>A:\DCIM\PHOTO\2026-0724-180554_000175.JPG</FPATH>
<SIZE>5700778</SIZE>
<TIMECODE>1559793851</TIMECODE>
<TIME>2026/07/24 18:05:54</TIME>
<ATTR>32</ATTR></File>
</ALLFile>
<ALLFile><File>
<NAME>2026-0724-180601_000176.JPG</NAME>
<FPATH>A:\DCIM\PHOTO\2026-0724-180601_000176.JPG</FPATH>
<SIZE>5498619</SIZE>
<TIMECODE>1559793856</TIMECODE>
<TIME>2026/07/24 18:06:00</TIME>
<ATTR>32</ATTR></File>
</ALLFile>
<ALLFile><File>
<NAME>2026-0724-180609_000177.JPG</NAME>
<FPATH>A:\DCIM\PHOTO\2026-0724-180609_000177.JPG</FPATH>
<SIZE>5548467</SIZE>
<TIMECODE>1559793861</TIMECODE>
<TIME>2026/07/24 18:06:10</TIME>
<ATTR>32</ATTR></File>
</ALLFile>
<ALLFile><File>
<NAME>2026-0724-180618_000178.JPG</NAME>
<FPATH>A:\DCIM\PHOTO\2026-0724-180618_000178.JPG</FPATH>
<SIZE>5740880</SIZE>
<TIMECODE>1559793865</TIMECODE>
<TIME>2026/07/24 18:06:18</TIME>
<ATTR>32</ATTR></File>
</ALLFile>
<ALLFile><File>
<NAME>2026-0724-180625_000179.JPG</NAME>
<FPATH>A:\DCIM\PHOTO\2026-0724-180625_000179.JPG</FPATH>
<SIZE>5984695</SIZE>
<TIMECODE>1559793868</TIMECODE>
<TIME>2026/07/24 18:06:24</TIME>
<ATTR>32</ATTR></File>
</ALLFile>
<ALLFile><File>
<NAME>2026-0724-180632_000180.JPG</NAME>
<FPATH>A:\DCIM\PHOTO\2026-0724-180632_000180.JPG</FPATH>
<SIZE>5597924</SIZE>
<TIMECODE>1559793872</TIMECODE>
<TIME>2026/07/24 18:06:32</TIME>
<ATTR>32</ATTR></File>
</ALLFile>
<ALLFile><File>
<NAME>2026-0724-180643_000181.JPG</NAME>
<FPATH>A:\DCIM\PHOTO\2026-0724-180643_000181.JPG</FPATH>
<SIZE>5855635</SIZE>
<TIMECODE>1559793877</TIMECODE>
<TIME>2026/07/24 18:06:42</TIME>
<ATTR>32</ATTR></File>
</ALLFile>
<ALLFile><File>
<NAME>2026-0724-180652_000182.JPG</NAME>
<FPATH>A:\DCIM\PHOTO\2026-0724-180652_000182.JPG</FPATH>
<SIZE>5778048</SIZE>
<TIMECODE>1559793882</TIMECODE>
<TIME>2026/07/24 18:06:52</TIME>
<ATTR>32</ATTR></File>
</ALLFile>
<ALLFile><File>
<NAME>2026-0724-180701_000183.JPG</NAME>
<FPATH>A:\DCIM\PHOTO\2026-0724-180701_000183.JPG</FPATH>
<SIZE>6156650</SIZE>
<TIMECODE>1559793888</TIMECODE>
<TIME>2026/07/24 18:07:00</TIME>
<ATTR>32</ATTR></File>
</ALLFile>
<ALLFile><File>
<NAME>2026-0724-180709_000184.JPG</NAME>
<FPATH>A:\DCIM\PHOTO\2026-0724-180709_000184.JPG</FPATH>
<SIZE>5671105</SIZE>
<TIMECODE>1559793892</TIMECODE>
<TIME>2026/07/24 18:07:08</TIME>
<ATTR>32</ATTR></File>
</ALLFile>
<ALLFile><File>
<NAME>2026-0724-180718_000185.JPG</NAME>
<FPATH>A:\DCIM\PHOTO\2026-0724-180718_000185.JPG</FPATH>
<SIZE>5750099</SIZE>
<TIMECODE>1559793897</TIMECODE>
<TIME>2026/07/24 18:07:18</TIME>
<ATTR>32</ATTR></File>
</ALLFile>
<ALLFile><File>
<NAME>2026-0724-180727_000186.JPG</NAME>
<FPATH>A:\DCIM\PHOTO\2026-0724-180727_000186.JPG</FPATH>
<SIZE>5613678</SIZE>
<TIMECODE>1559793901</TIMECODE>
<TIME>2026/07/24 18:07:26</TIME>
<ATTR>32</ATTR></File>
</ALLFile>
<ALLFile><File>
<NAME>2026-0724-180736_000187.JPG</NAME>
<FPATH>A:\DCIM\PHOTO\2026-0724-180736_000187.JPG</FPATH>
<SIZE>5616239</SIZE>
<TIMECODE>1559793906</TIMECODE>
<TIME>2026/07/24 18:07:36</TIME>
<ATTR>32</ATTR></File>
</ALLFile>
<ALLFile><File>
<NAME>2026-0724-180744_000188.JPG</NAME>
<FPATH>A:\DCIM\PHOTO\2026-0724-180744_000188.JPG</FPATH>
<SIZE>5424331</SIZE>
<TIMECODE>1559793910</TIMECODE>
<TIME>2026/07/24 18:07:44</TIME>
<ATTR>32</ATTR></File>
</ALLFile>
<ALLFile><File>
<NAME>2026-0724-180754_000189.JPG</NAME>
<FPATH>A:\DCIM\PHOTO\2026-0724-180754_000189.JPG</FPATH>
<SIZE>5649743</SIZE>
<TIMECODE>1559793915</TIMECODE>
<TIME>2026/07/24 18:07:54</TIME>
<ATTR>32</ATTR></File>
</ALLFile>
<ALLFile><File>
<NAME>2026-0724-180801_000190.JPG</NAME>
<FPATH>A:\DCIM\PHOTO\2026-0724-180801_000190.JPG</FPATH>
<SIZE>5335009</SIZE>
<TIMECODE>1559793921</TIMECODE>
<TIME>2026/07/24 18:08:02</TIME>
<ATTR>32</ATTR></File>
</ALLFile>
<ALLFile><File>
<NAME>2026-0724-180810_000191.JPG</NAME>
<FPATH>A:\DCIM\PHOTO\2026-0724-180810_000191.JPG</FPATH>
<SIZE>5635897</SIZE>
<TIMECODE>1559793925</TIMECODE>
<TIME>2026/07/24 18:08:10</TIME>
<ATTR>32</ATTR></File>
</ALLFile>
<ALLFile><File>
<NAME>2026-0724-180819_000192.JPG</NAME>
<FPATH>A:\DCIM\PHOTO\2026-0724-180819_000192.JPG</FPATH>
<SIZE>5852505</SIZE>
<TIMECODE>1559793929</TIMECODE>
<TIME>2026/07/24 18:08:18</TIME>
<ATTR>32</ATTR></File>
</ALLFile>
<ALLFile><File>
<NAME>2026-0724-180826_000193.JPG</NAME>
<FPATH>A:\DCIM\PHOTO\2026-0724-180826_000193.JPG</FPATH>
<SIZE>5596795</SIZE>
<TIMECODE>1559793933</TIMECODE>
<TIME>2026/07/24 18:08:26</TIME>
<ATTR>32</ATTR></File>
</ALLFile>
<ALLFile><File>
<NAME>2026-0724-180835_000194.JPG</NAME>
<FPATH>A:\DCIM\PHOTO\2026-0724-180835_000194.JPG</FPATH>
<SIZE>5641726</SIZE>
<TIMECODE>1559793937</TIMECODE>
<TIME>2026/07/24 18:08:34</TIME>
<ATTR>32</ATTR></File>
</ALLFile>
<ALLFile><File>
<NAME>2026-0724-180844_000195.JPG</NAME>
<FPATH>A:\DCIM\PHOTO\2026-0724-180844_000195.JPG</FPATH>
<SIZE>5770406</SIZE>
<TIMECODE>1559793942</TIMECODE>
<TIME>2026/07/24 18:08:44</TIME>
<ATTR>32</ATTR></File>
</ALLFile>
<ALLFile><File>
<NAME>2026-0724-180853_000196.JPG</NAME>
<FPATH>A:\DCIM\PHOTO\2026-0724-180853_000196.JPG</FPATH>
<SIZE>5461100</SIZE>
<TIMECODE>1559793946</TIMECODE>
<TIME>2026/07/24 18:08:52</TIME>
<ATTR>32</ATTR></File>
</ALLFile>
<ALLFile><File>
<NAME>2026-0724-180903_000197.JPG</NAME>
<FPATH>A:\DCIM\PHOTO\2026-0724-180903_000197.JPG</FPATH>
<SIZE>5752412</SIZE>
<TIMECODE>1559793953</TIMECODE>
<TIME>2026/07/24 18:09:02</TIME>
<ATTR>32</ATTR></File>
</ALLFile>
<ALLFile><File>
<NAME>2026-0724-181047_000198.JPG</NAME>
<FPATH>A:\DCIM\PHOTO\2026-0724-181047_000198.JPG</FPATH>
<SIZE>5725404</SIZE>
<TIMECODE>1559794007</TIMECODE>
<TIME>2026/07/24 18:10:46</TIME>
<ATTR>32</ATTR></File>
</ALLFile>
<ALLFile><File>
<NAME>2026-0724-181132_000199.JPG</NAME>
<FPATH>A:\DCIM\PHOTO\2026-0724-181132_000199.JPG</FPATH>
<SIZE>5703492</SIZE>
<TIMECODE>1559794032</TIMECODE>
<TIME>2026/07/24 18:11:32</TIME>
<ATTR>32</ATTR></File>
</ALLFile>
<ALLFile><File>
<NAME>2026-0724-181315_000200.JPG</NAME>
<FPATH>A:\DCIM\PHOTO\2026-0724-181315_000200.JPG</FPATH>
<SIZE>5720797</SIZE>
<TIMECODE>1559794088</TIMECODE>
<TIME>2026/07/24 18:13:16</TIME>
<ATTR>32</ATTR></File>
</ALLFile>
<ALLFile><File>
<NAME>2026-0724-181524_000201.JPG</NAME>
<FPATH>A:\DCIM\PHOTO\2026-0724-181524_000201.JPG</FPATH>
<SIZE>5743429</SIZE>
<TIMECODE>1559794156</TIMECODE>
<TIME>2026/07/24 18:15:24</TIME>
<ATTR>32</ATTR></File>
</ALLFile>
<ALLFile><File>
<NAME>2026-0724-181539_000202.JPG</NAME>
<FPATH>A:\DCIM\PHOTO\2026-0724-181539_000202.JPG</FPATH>
<SIZE>5857570</SIZE>
<TIMECODE>1559794163</TIMECODE>
<TIME>2026/07/24 18:15:38</TIME>
<ATTR>32</ATTR></File>
</ALLFile>
<ALLFile><File>
<NAME>2026-0724-181612_000203.JPG</NAME>
<FPATH>A:\DCIM\PHOTO\2026-0724-181612_000203.JPG</FPATH>
<SIZE>5506077</SIZE>
<TIMECODE>1559794182</TIMECODE>
<TIME>2026/07/24 18:16:12</TIME>
<ATTR>32</ATTR></File>
</ALLFile>
<ALLFile><File>
<NAME>2026-0724-181643_000204.JPG</NAME>
<FPATH>A:\DCIM\PHOTO\2026-0724-181643_000204.JPG</FPATH>
<SIZE>5860242</SIZE>
<TIMECODE>1559794198</TIMECODE>
<TIME>2026/07/24 18:16:44</TIME>
<ATTR>32</ATTR></File>
</ALLFile>
<ALLFile><File>
<NAME>2026-0724-181657_000205.JPG</NAME>
<FPATH>A:\DCIM\PHOTO\2026-0724-181657_000205.JPG</FPATH>
<SIZE>5703300</SIZE>
<TIMECODE>1559794204</TIMECODE>
<TIME>2026/07/24 18:16:56</TIME>
<ATTR>32</ATTR></File>
</ALLFile>
<ALLFile><File>
<NAME>2026-0724-182044_000206.JPG</NAME>
<FPATH>A:\DCIM\PHOTO\2026-0724-182044_000206.JPG</FPATH>
<SIZE>5748035</SIZE>
<TIMECODE>1559794326</TIMECODE>
<TIME>2026/07/24 18:20:44</TIME>
<ATTR>32</ATTR></File>
</ALLFile>
<ALLFile><File>
<NAME>2026-0724-182413_000207.JPG</NAME>
<FPATH>A:\DCIM\PHOTO\2026-0724-182413_000207.JPG</FPATH>
<SIZE>5699677</SIZE>
<TIMECODE>1559794439</TIMECODE>
<TIME>2026/07/24 18:24:14</TIME>
<ATTR>32</ATTR></File>
</ALLFile>
<ALLFile><File>
<NAME>2026-0724-182754_000208.JPG</NAME>
<FPATH>A:\DCIM\PHOTO\2026-0724-182754_000208.JPG</FPATH>
<SIZE>5705171</SIZE>
<TIMECODE>1559794555</TIMECODE>
<TIME>2026/07/24 18:27:54</TIME>
<ATTR>32</ATTR></File>
</ALLFile>
<ALLFile><File>
<NAME>2026-0724-182848_000209.JPG</NAME>
<FPATH>A:\DCIM\PHOTO\2026-0724-182848_000209.JPG</FPATH>
<SIZE>5479514</SIZE>
<TIMECODE>1559794584</TIMECODE>
<TIME>2026/07/24 18:28:48</TIME>
<ATTR>32</ATTR></File>
</ALLFile>
<ALLFile><File>
<NAME>2026-0724-182858_000210.JPG</NAME>
<FPATH>A:\DCIM\PHOTO\2026-0724-182858_000210.JPG</FPATH>
<SIZE>5742777</SIZE>
<TIMECODE>1559794589</TIMECODE>
<TIME>2026/07/24 18:28:58</TIME>
<ATTR>32</ATTR></File>
</ALLFile>
<ALLFile><File>
<NAME>2026-0724-182912_000211.JPG</NAME>
<FPATH>A:\DCIM\PHOTO\2026-0724-182912_000211.JPG</FPATH>
<SIZE>5657376</SIZE>
<TIMECODE>1559794598</TIMECODE>
<TIME>2026/07/24 18:29:12</TIME>
<ATTR>32</ATTR></File>
</ALLFile>
<ALLFile><File>
<NAME>2026-0727-082845_000212.JPG</NAME>
<FPATH>A:\DCIM\PHOTO\2026-0727-082845_000212.JPG</FPATH>
<SIZE>5745706</SIZE>
<TIMECODE>1559970711</TIMECODE>
<TIME>2026/07/27 08:28:46</TIME>
<ATTR>32</ATTR></File>
</ALLFile>
<ALLFile><File>
<NAME>2026-0727-082859_000213.JPG</NAME>
<FPATH>A:\DCIM\PHOTO\2026-0727-082859_000213.JPG</FPATH>
<SIZE>5670939</SIZE>
<TIMECODE>1559970717</TIMECODE>
<TIME>2026/07/27 08:28:58</TIME>
<ATTR>32</ATTR></File>
</ALLFile>
<ALLFile><File>
<NAME>2026-0727-082908_000214.JPG</NAME>
<FPATH>A:\DCIM\PHOTO\2026-0727-082908_000214.JPG</FPATH>
<SIZE>5741929</SIZE>
<TIMECODE>1559970724</TIMECODE>
<TIME>2026/07/27 08:29:08</TIME>
<ATTR>32</ATTR></File>
</ALLFile>
<ALLFile><File>
<NAME>2026-0727-082917_000215.JPG</NAME>
<FPATH>A:\DCIM\PHOTO\2026-0727-082917_000215.JPG</FPATH>
<SIZE>5666645</SIZE>
<TIMECODE>1559970728</TIMECODE>
<TIME>2026/07/27 08:29:16</TIME>
<ATTR>32</ATTR></File>
</ALLFile>
<ALLFile><File>
<NAME>2026-0727-083716_000216.JPG</NAME>
<FPATH>A:\DCIM\PHOTO\2026-0727-083716_000216.JPG</FPATH>
<SIZE>5721582</SIZE>
<TIMECODE>1559970984</TIMECODE>
<TIME>2026/07/27 08:37:16</TIME>
<ATTR>32</ATTR></File>
</ALLFile>
<ALLFile><File>
<NAME>2026-0727-084752_000217.JPG</NAME>
<FPATH>A:\DCIM\PHOTO\2026-0727-084752_000217.JPG</FPATH>
<SIZE>6077547</SIZE>
<TIMECODE>1559971322</TIMECODE>
<TIME>2026/07/27 08:47:52</TIME>
<ATTR>32</ATTR></File>
</ALLFile>
<ALLFile><File>
<NAME>2026-0727-091852_000218.JPG</NAME>
<FPATH>A:\DCIM\PHOTO\2026-0727-091852_000218.JPG</FPATH>
<SIZE>6202674</SIZE>
<TIMECODE>1559972442</TIMECODE>
<TIME>2026/07/27 09:18:52</TIME>
<ATTR>32</ATTR></File>
</ALLFile>
<ALLFile><File>
<NAME>2026-0727-092510_000219.JPG</NAME>
<FPATH>A:\DCIM\PHOTO\2026-0727-092510_000219.JPG</FPATH>
<SIZE>5459994</SIZE>
<TIMECODE>1559972645</TIMECODE>
<TIME>2026/07/27 09:25:10</TIME>
<ATTR>32</ATTR></File>
</ALLFile>
<ALLFile><File>
<NAME>2026-0727-092524_000220.JPG</NAME>
<FPATH>A:\DCIM\PHOTO\2026-0727-092524_000220.JPG</FPATH>
<SIZE>5646874</SIZE>
<TIMECODE>1559972652</TIMECODE>
<TIME>2026/07/27 09:25:24</TIME>
<ATTR>32</ATTR></File>
</ALLFile>
<ALLFile><File>
<NAME>2026-0727-092542_000221.JPG</NAME>
<FPATH>A:\DCIM\PHOTO\2026-0727-092542_000221.JPG</FPATH>
<SIZE>5572729</SIZE>
<TIMECODE>1559972661</TIMECODE>
<TIME>2026/07/27 09:25:42</TIME>
<ATTR>32</ATTR></File>
</ALLFile>
<ALLFile><File>
<NAME>2026-0727-093310_000222.JPG</NAME>
<FPATH>A:\DCIM\PHOTO\2026-0727-093310_000222.JPG</FPATH>
<SIZE>5490466</SIZE>
<TIMECODE>1559972901</TIMECODE>
<TIME>2026/07/27 09:33:10</TIME>
<ATTR>32</ATTR></File>
</ALLFile>
<ALLFile><File>
<NAME>2026-0727-093322_000223.JPG</NAME>
<FPATH>A:\DCIM\PHOTO\2026-0727-093322_000223.JPG</FPATH>
<SIZE>5626539</SIZE>
<TIMECODE>1559972907</TIMECODE>
<TIME>2026/07/27 09:33:22</TIME>
<ATTR>32</ATTR></File>
</ALLFile>
<ALLFile><File>
<NAME>2026-0727-093433_000224.JPG</NAME>
<FPATH>A:\DCIM\PHOTO\2026-0727-093433_000224.JPG</FPATH>
<SIZE>5595839</SIZE>
<TIMECODE>1559972944</TIMECODE>
<TIME>2026/07/27 09:34:32</TIME>
<ATTR>32</ATTR></File>
</ALLFile>
<ALLFile><File>
<NAME>2026-0727-093440_000225.JPG</NAME>
<FPATH>A:\DCIM\PHOTO\2026-0727-093440_000225.JPG</FPATH>
<SIZE>5612712</SIZE>
<TIMECODE>1559972948</TIMECODE>
<TIME>2026/07/27 09:34:40</TIME>
<ATTR>32</ATTR></File>
</ALLFile>
<ALLFile><File>
<NAME>2026-0727-094759_000226.JPG</NAME>
<FPATH>A:\DCIM\PHOTO\2026-0727-094759_000226.JPG</FPATH>
<SIZE>6411622</SIZE>
<TIMECODE>1559973373</TIMECODE>
<TIME>2026/07/27 09:47:58</TIME>
<ATTR>32</ATTR></File>
</ALLFile>
<ALLFile><File>
<NAME>2026-0727-094909_000227.JPG</NAME>
<FPATH>A:\DCIM\PHOTO\2026-0727-094909_000227.JPG</FPATH>
<SIZE>5669230</SIZE>
<TIMECODE>1559973413</TIMECODE>
<TIME>2026/07/27 09:49:10</TIME>
<ATTR>32</ATTR></File>
</ALLFile>
<ALLFile><File>
<NAME>2026-0727-094954_000228.JPG</NAME>
<FPATH>A:\DCIM\PHOTO\2026-0727-094954_000228.JPG</FPATH>
<SIZE>5587247</SIZE>
<TIMECODE>1559973435</TIMECODE>
<TIME>2026/07/27 09:49:54</TIME>
<ATTR>32</ATTR></File>
</ALLFile>
<ALLFile><File>
<NAME>2026-0727-100941_000229.JPG</NAME>
<FPATH>A:\DCIM\PHOTO\2026-0727-100941_000229.JPG</FPATH>
<SIZE>5566900</SIZE>
<TIMECODE>1559974196</TIMECODE>
<TIME>2026/07/27 10:09:40</TIME>
<ATTR>32</ATTR></File>
</ALLFile>
<ALLFile><File>
<NAME>2026-0727-101127_000230.JPG</NAME>
<FPATH>A:\DCIM\PHOTO\2026-0727-101127_000230.JPG</FPATH>
<SIZE>5747220</SIZE>
<TIMECODE>1559974253</TIMECODE>
<TIME>2026/07/27 10:11:26</TIME>
<ATTR>32</ATTR></File>
</ALLFile>
<ALLFile><File>
<NAME>2026-0727-101213_000231.JPG</NAME>
<FPATH>A:\DCIM\PHOTO\2026-0727-101213_000231.JPG</FPATH>
<SIZE>5763819</SIZE>
<TIMECODE>1559974278</TIMECODE>
<TIME>2026/07/27 10:12:12</TIME>
<ATTR>32</ATTR></File>
</ALLFile>
<ALLFile><File>
<NAME>2026-0727-101222_000232.JPG</NAME>
<FPATH>A:\DCIM\PHOTO\2026-0727-101222_000232.JPG</FPATH>
<SIZE>5806974</SIZE>
<TIMECODE>1559974283</TIMECODE>
<TIME>2026/07/27 10:12:22</TIME>
<ATTR>32</ATTR></File>
</ALLFile>
<ALLFile><File>
<NAME>2026-0727-101953_000233.JPG</NAME>
<FPATH>A:\DCIM\PHOTO\2026-0727-101953_000233.JPG</FPATH>
<SIZE>6166571</SIZE>
<TIMECODE>1559974523</TIMECODE>
<TIME>2026/07/27 10:19:54</TIME>
<ATTR>32</ATTR></File>
</ALLFile>
<ALLFile><File>
<NAME>2026-0727-102911_000234.JPG</NAME>
<FPATH>A:\DCIM\PHOTO\2026-0727-102911_000234.JPG</FPATH>
<SIZE>5872672</SIZE>
<TIMECODE>1559974821</TIMECODE>
<TIME>2026/07/27 10:29:10</TIME>
<ATTR>32</ATTR></File>
</ALLFile>
<ALLFile><File>
<NAME>2026-0727-102929_000235.JPG</NAME>
<FPATH>A:\DCIM\PHOTO\2026-0727-102929_000235.JPG</FPATH>
<SIZE>5795915</SIZE>
<TIMECODE>1559974831</TIMECODE>
<TIME>2026/07/27 10:29:30</TIME>
<ATTR>32</ATTR></File>
</ALLFile>
<ALLFile><File>
<NAME>2026-0727-102948_000236.JPG</NAME>
<FPATH>A:\DCIM\PHOTO\2026-0727-102948_000236.JPG</FPATH>
<SIZE>5697386</SIZE>
<TIMECODE>1559974840</TIMECODE>
<TIME>2026/07/27 10:29:48</TIME>
<ATTR>32</ATTR></File>
</ALLFile>
<ALLFile><File>
<NAME>2026-0727-102956_000237.JPG</NAME>
<FPATH>A:\DCIM\PHOTO\2026-0727-102956_000237.JPG</FPATH>
<SIZE>5819053</SIZE>
<TIMECODE>1559974844</TIMECODE>
<TIME>2026/07/27 10:29:56</TIME>
<ATTR>32</ATTR></File>
</ALLFile>
<ALLFile><File>
<NAME>2026-0727-103004_000238.JPG</NAME>
<FPATH>A:\DCIM\PHOTO\2026-0727-103004_000238.JPG</FPATH>
<SIZE>5876135</SIZE>
<TIMECODE>1559974850</TIMECODE>
<TIME>2026/07/27 10:30:04</TIME>
<ATTR>32</ATTR></File>
</ALLFile>
<ALLFile><File>
<NAME>2026-0727-103553_000239.JPG</NAME>
<FPATH>A:\DCIM\PHOTO\2026-0727-103553_000239.JPG</FPATH>
<SIZE>5680715</SIZE>
<TIMECODE>1559975034</TIMECODE>
<TIME>2026/07/27 10:35:52</TIME>
<ATTR>32</ATTR></File>
</ALLFile>
<ALLFile><File>
<NAME>2026-0727-105423_000240.JPG</NAME>
<FPATH>A:\DCIM\PHOTO\2026-0727-105423_000240.JPG</FPATH>
<SIZE>5618014</SIZE>
<TIMECODE>1559975628</TIMECODE>
<TIME>2026/07/27 10:54:24</TIME>
<ATTR>32</ATTR></File>
</ALLFile>
<ALLFile><File>
<NAME>2026-0727-113716_000241.JPG</NAME>
<FPATH>A:\DCIM\PHOTO\2026-0727-113716_000241.JPG</FPATH>
<SIZE>5725230</SIZE>
<TIMECODE>1559977128</TIMECODE>
<TIME>2026/07/27 11:37:16</TIME>
<ATTR>32</ATTR></File>
</ALLFile>
<ALLFile><File>
<NAME>2026-0727-113725_000242.JPG</NAME>
<FPATH>A:\DCIM\PHOTO\2026-0727-113725_000242.JPG</FPATH>
<SIZE>5729323</SIZE>
<TIMECODE>1559977133</TIMECODE>
<TIME>2026/07/27 11:37:26</TIME>
<ATTR>32</ATTR></File>
</ALLFile>
<ALLFile><File>
<NAME>2026-0727-114008_000243.JPG</NAME>
<FPATH>A:\DCIM\PHOTO\2026-0727-114008_000243.JPG</FPATH>
<SIZE>5616265</SIZE>
<TIMECODE>1559977220</TIMECODE>
<TIME>2026/07/27 11:40:08</TIME>
<ATTR>32</ATTR></File>
</ALLFile>
<ALLFile><File>
<NAME>2026-0727-114211_000244.JPG</NAME>
<FPATH>A:\DCIM\PHOTO\2026-0727-114211_000244.JPG</FPATH>
<SIZE>5712963</SIZE>
<TIMECODE>1559977285</TIMECODE>
<TIME>2026/07/27 11:42:10</TIME>
<ATTR>32</ATTR></File>
</ALLFile>
<ALLFile><File>
<NAME>2026-0727-114253_000245.JPG</NAME>
<FPATH>A:\DCIM\PHOTO\2026-0727-114253_000245.JPG</FPATH>
<SIZE>5823092</SIZE>
<TIMECODE>1559977307</TIMECODE>
<TIME>2026/07/27 11:42:54</TIME>
<ATTR>32</ATTR></File>
</ALLFile>
<ALLFile><File>
<NAME>2026-0727-114720_000246.JPG</NAME>
<FPATH>A:\DCIM\PHOTO\2026-0727-114720_000246.JPG</FPATH>
<SIZE>5671948</SIZE>
<TIMECODE>1559977450</TIMECODE>
<TIME>2026/07/27 11:47:20</TIME>
<ATTR>32</ATTR></File>
</ALLFile>
<ALLFile><File>
<NAME>2026-0727-114747_000247.JPG</NAME>
<FPATH>A:\DCIM\PHOTO\2026-0727-114747_000247.JPG</FPATH>
<SIZE>5717552</SIZE>
<TIMECODE>1559977463</TIMECODE>
<TIME>2026/07/27 11:47:46</TIME>
<ATTR>32</ATTR></File>
</ALLFile>
<ALLFile><File>
<NAME>2026-0727-115917_000248.JPG</NAME>
<FPATH>A:\DCIM\PHOTO\2026-0727-115917_000248.JPG</FPATH>
<SIZE>5830500</SIZE>
<TIMECODE>1559977833</TIMECODE>
<TIME>2026/07/27 11:59:18</TIME>
<ATTR>32</ATTR></File>
</ALLFile>
<ALLFile><File>
<NAME>2026-0727-115924_000249.JPG</NAME>
<FPATH>A:\DCIM\PHOTO\2026-0727-115924_000249.JPG</FPATH>
<SIZE>5658061</SIZE>
<TIMECODE>1559977836</TIMECODE>
<TIME>2026/07/27 11:59:24</TIME>
<ATTR>32</ATTR></File>
</ALLFile>
<ALLFile><File>
<NAME>2026-0727-121113_000250.JPG</NAME>
<FPATH>A:\DCIM\PHOTO\2026-0727-121113_000250.JPG</FPATH>
<SIZE>5732049</SIZE>
<TIMECODE>1559978343</TIMECODE>
<TIME>2026/07/27 12:11:14</TIME>
<ATTR>32</ATTR></File>
</ALLFile>
<ALLFile><File>
<NAME>2026-0727-121510_000251.JPG</NAME>
<FPATH>A:\DCIM\PHOTO\2026-0727-121510_000251.JPG</FPATH>
<SIZE>6576187</SIZE>
<TIMECODE>1559978469</TIMECODE>
<TIME>2026/07/27 12:15:10</TIME>
<ATTR>32</ATTR></File>
</ALLFile>
<ALLFile><File>
<NAME>2026-0727-121522_000252.JPG</NAME>
<FPATH>A:\DCIM\PHOTO\2026-0727-121522_000252.JPG</FPATH>
<SIZE>5742386</SIZE>
<TIMECODE>1559978475</TIMECODE>
<TIME>2026/07/27 12:15:22</TIME>
<ATTR>32</ATTR></File>
</ALLFile>
<ALLFile><File>
<NAME>2026-0727-122357_000253.JPG</NAME>
<FPATH>A:\DCIM\PHOTO\2026-0727-122357_000253.JPG</FPATH>
<SIZE>5764494</SIZE>
<TIMECODE>1559978748</TIMECODE>
<TIME>2026/07/27 12:23:56</TIME>
<ATTR>32</ATTR></File>
</ALLFile>
<ALLFile><File>
<NAME>2026-0727-122450_000254.JPG</NAME>
<FPATH>A:\DCIM\PHOTO\2026-0727-122450_000254.JPG</FPATH>
<SIZE>5628233</SIZE>
<TIMECODE>1559978777</TIMECODE>
<TIME>2026/07/27 12:24:50</TIME>
<ATTR>32</ATTR></File>
</ALLFile>
<ALLFile><File>
<NAME>2026-0727-122543_000255.JPG</NAME>
<FPATH>A:\DCIM\PHOTO\2026-0727-122543_000255.JPG</FPATH>
<SIZE>5605357</SIZE>
<TIMECODE>1559978805</TIMECODE>
<TIME>2026/07/27 12:25:42</TIME>
<ATTR>32</ATTR></File>
</ALLFile>
<ALLFile><File>
<NAME>2026-0727-122550_000256.JPG</NAME>
<FPATH>A:\DCIM\PHOTO\2026-0727-122550_000256.JPG</FPATH>
<SIZE>5635280</SIZE>
<TIMECODE>1559978809</TIMECODE>
<TIME>2026/07/27 12:25:50</TIME>
<ATTR>32</ATTR></File>
</ALLFile>
<ALLFile><File>
<NAME>2026-0727-122606_000257.JPG</NAME>
<FPATH>A:\DCIM\PHOTO\2026-0727-122606_000257.JPG</FPATH>
<SIZE>5540309</SIZE>
<TIMECODE>1559978819</TIMECODE>
<TIME>2026/07/27 12:26:06</TIME>
<ATTR>32</ATTR></File>
</ALLFile>
<ALLFile><File>
<NAME>2026-0727-123012_000258.JPG</NAME>
<FPATH>A:\DCIM\PHOTO\2026-0727-123012_000258.JPG</FPATH>
<SIZE>5830128</SIZE>
<TIMECODE>1559978950</TIMECODE>
<TIME>2026/07/27 12:30:12</TIME>
<ATTR>32</ATTR></File>
</ALLFile>
<ALLFile><File>
<NAME>2026-0727-123025_000259.JPG</NAME>
<FPATH>A:\DCIM\PHOTO\2026-0727-123025_000259.JPG</FPATH>
<SIZE>5615355</SIZE>
<TIMECODE>1559978956</TIMECODE>
<TIME>2026/07/27 12:30:24</TIME>
<ATTR>32</ATTR></File>
</ALLFile>
<ALLFile><File>
<NAME>2026-0727-123043_000260.JPG</NAME>
<FPATH>A:\DCIM\PHOTO\2026-0727-123043_000260.JPG</FPATH>
<SIZE>5716894</SIZE>
<TIMECODE>1559978965</TIMECODE>
<TIME>2026/07/27 12:30:42</TIME>
<ATTR>32</ATTR></File>
</ALLFile>
<ALLFile><File>
<NAME>2026-0727-123050_000261.JPG</NAME>
<FPATH>A:\DCIM\PHOTO\2026-0727-123050_000261.JPG</FPATH>
<SIZE>5981577</SIZE>
<TIMECODE>1559978969</TIMECODE>
<TIME>2026/07/27 12:30:50</TIME>
<ATTR>32</ATTR></File>
</ALLFile>
<ALLFile><File>
<NAME>2026-0727-123058_000262.JPG</NAME>
<FPATH>A:\DCIM\PHOTO\2026-0727-123058_000262.JPG</FPATH>
<SIZE>5890061</SIZE>
<TIMECODE>1559978973</TIMECODE>
<TIME>2026/07/27 12:30:58</TIME>
<ATTR>32</ATTR></File>
</ALLFile>
<ALLFile><File>
<NAME>2026-0727-123108_000263.JPG</NAME>
<FPATH>A:\DCIM\PHOTO\2026-0727-123108_000263.JPG</FPATH>
<SIZE>5606370</SIZE>
<TIMECODE>1559978980</TIMECODE>
<TIME>2026/07/27 12:31:08</TIME>
<ATTR>32</ATTR></File>
</ALLFile>
<ALLFile><File>
<NAME>2026-0727-123748_000264.JPG</NAME>
<FPATH>A:\DCIM\PHOTO\2026-0727-123748_000264.JPG</FPATH>
<SIZE>5626937</SIZE>
<TIMECODE>1559979192</TIMECODE>
<TIME>2026/07/27 12:37:48</TIME>
<ATTR>32</ATTR></File>
</ALLFile>
<ALLFile><File>
<NAME>2026-0727-123756_000265.JPG</NAME>
<FPATH>A:\DCIM\PHOTO\2026-0727-123756_000265.JPG</FPATH>
<SIZE>5639426</SIZE>
<TIMECODE>1559979196</TIMECODE>
<TIME>2026/07/27 12:37:56</TIME>
<ATTR>32</ATTR></File>
</ALLFile>
<ALLFile><File>
<NAME>2026-0727-123803_000266.JPG</NAME>
<FPATH>A:\DCIM\PHOTO\2026-0727-123803_000266.JPG</FPATH>
<SIZE>5615385</SIZE>
<TIMECODE>1559979201</TIMECODE>
<TIME>2026/07/27 12:38:02</TIME>
<ATTR>32</ATTR></File>
</ALLFile>
<ALLFile><File>
<NAME>2026-0727-123836_000267.JPG</NAME>
<FPATH>A:\DCIM\PHOTO\2026-0727-123836_000267.JPG</FPATH>
<SIZE>5701204</SIZE>
<TIMECODE>1559979218</TIMECODE>
<TIME>2026/07/27 12:38:36</TIME>
<ATTR>32</ATTR></File>
</ALLFile>
<ALLFile><File>
<NAME>2026-0727-124626_000268.JPG</NAME>
<FPATH>A:\DCIM\PHOTO\2026-0727-124626_000268.JPG</FPATH>
<SIZE>5732810</SIZE>
<TIMECODE>1559979469</TIMECODE>
<TIME>2026/07/27 12:46:26</TIME>
<ATTR>32</ATTR></File>
</ALLFile>
<ALLFile><File>
<NAME>2026-0727-124657_000269.JPG</NAME>
<FPATH>A:\DCIM\PHOTO\2026-0727-124657_000269.JPG</FPATH>
<SIZE>5716336</SIZE>
<TIMECODE>1559979485</TIMECODE>
<TIME>2026/07/27 12:46:58</TIME>
<ATTR>32</ATTR></File>
</ALLFile>
</LIST>

2026-07-27 12:54:08,051 - INFO - [FF:FF:FF:10:FD:CD] Файлов на камере: 195
2026-07-27 12:54:08,835 - INFO - [FF:FF:FF:10:FD:CD] Добавлено 195 файлов в БД
2026-07-27 12:54:08,854 - INFO - [FF:FF:FF:10:FD:CD] Начало загрузки: 2026-0724-153422_000075.JPG
2026-07-27 12:54:11,165 - INFO - API cmd=4003: удаление -> http://192.168.1.254/?custom=1&cmd=4003&str=A:\DCIM\PHOTO\2026-0724-153422_000075.JPG
2026-07-27 12:54:11,300 - INFO - API cmd=4003: HTTP 200, ответ: <?xml version="1.0" encoding="UTF-8" ?>
<Function>
<Cmd>4003</Cmd>
<Status>0</Status>
</Function>
2026-07-27 12:54:11,301 - INFO - [FF:FF:FF:10:FD:CD] Удалён с камеры: 2026-0724-153422_000075.JPG
2026-07-27 12:54:11,330 - INFO - [FF:FF:FF:10:FD:CD] Начало загрузки: 2026-0724-153431_000076.JPG
2026-07-27 12:54:17,297 - INFO - API cmd=4003: удаление -> http://192.168.1.254/?custom=1&cmd=4003&str=A:\DCIM\PHOTO\2026-0724-153431_000076.JPG
2026-07-27 12:54:17,346 - INFO - API cmd=4003: HTTP 200, ответ: <?xml version="1.0" encoding="UTF-8" ?>
<Function>
<Cmd>4003</Cmd>
<Status>0</Status>
</Function>
2026-07-27 12:54:17,346 - INFO - [FF:FF:FF:10:FD:CD] Удалён с камеры: 2026-0724-153431_000076.JPG
2026-07-27 12:54:17,359 - INFO - [FF:FF:FF:10:FD:CD] Начало загрузки: 2026-0724-153442_000077.JPG
2026-07-27 12:54:19,059 - INFO - API cmd=4003: удаление -> http://192.168.1.254/?custom=1&cmd=4003&str=A:\DCIM\PHOTO\2026-0724-153442_000077.JPG
2026-07-27 12:54:19,097 - INFO - API cmd=4003: HTTP 200, ответ: <?xml version="1.0" encoding="UTF-8" ?>
<Function>
<Cmd>4003</Cmd>
<Status>0</Status>
</Function>
2026-07-27 12:54:19,097 - INFO - [FF:FF:FF:10:FD:CD] Удалён с камеры: 2026-0724-153442_000077.JPG
2026-07-27 12:54:19,118 - INFO - [FF:FF:FF:10:FD:CD] Начало загрузки: 2026-0724-153451_000078.JPG
2026-07-27 12:54:20,786 - INFO - API cmd=4003: удаление -> http://192.168.1.254/?custom=1&cmd=4003&str=A:\DCIM\PHOTO\2026-0724-153451_000078.JPG
2026-07-27 12:54:20,827 - INFO - API cmd=4003: HTTP 200, ответ: <?xml version="1.0" encoding="UTF-8" ?>
<Function>
<Cmd>4003</Cmd>
<Status>0</Status>
</Function>
2026-07-27 12:54:20,827 - INFO - [FF:FF:FF:10:FD:CD] Удалён с камеры: 2026-0724-153451_000078.JPG
2026-07-27 12:54:20,849 - INFO - [FF:FF:FF:10:FD:CD] Начало загрузки: 2026-0724-153457_000079.JPG
2026-07-27 12:54:22,625 - INFO - API cmd=4003: удаление -> http://192.168.1.254/?custom=1&cmd=4003&str=A:\DCIM\PHOTO\2026-0724-153457_000079.JPG
2026-07-27 12:54:22,665 - INFO - API cmd=4003: HTTP 200, ответ: <?xml version="1.0" encoding="UTF-8" ?>
<Function>
<Cmd>4003</Cmd>
<Status>0</Status>
</Function>
2026-07-27 12:54:22,666 - INFO - [FF:FF:FF:10:FD:CD] Удалён с камеры: 2026-0724-153457_000079.JPG
2026-07-27 12:54:22,686 - INFO - [FF:FF:FF:10:FD:CD] Начало загрузки: 2026-0724-153546_000080.JPG
2026-07-27 12:54:24,545 - INFO - API cmd=4003: удаление -> http://192.168.1.254/?custom=1&cmd=4003&str=A:\DCIM\PHOTO\2026-0724-153546_000080.JPG
2026-07-27 12:54:24,587 - INFO - API cmd=4003: HTTP 200, ответ: <?xml version="1.0" encoding="UTF-8" ?>
<Function>
<Cmd>4003</Cmd>
<Status>0</Status>
</Function>
2026-07-27 12:54:24,588 - INFO - [FF:FF:FF:10:FD:CD] Удалён с камеры: 2026-0724-153546_000080.JPG
2026-07-27 12:54:24,610 - INFO - [FF:FF:FF:10:FD:CD] Начало загрузки: 2026-0724-153555_000081.JPG
2026-07-27 12:54:26,788 - INFO - API cmd=4003: удаление -> http://192.168.1.254/?custom=1&cmd=4003&str=A:\DCIM\PHOTO\2026-0724-153555_000081.JPG
2026-07-27 12:54:26,830 - INFO - API cmd=4003: HTTP 200, ответ: <?xml version="1.0" encoding="UTF-8" ?>
<Function>
<Cmd>4003</Cmd>
<Status>0</Status>
</Function>
2026-07-27 12:54:26,830 - INFO - [FF:FF:FF:10:FD:CD] Удалён с камеры: 2026-0724-153555_000081.JPG
2026-07-27 12:54:26,850 - INFO - [FF:FF:FF:10:FD:CD] Начало загрузки: 2026-0724-153604_000082.JPG
2026-07-27 12:54:31,511 - INFO - API cmd=4003: удаление -> http://192.168.1.254/?custom=1&cmd=4003&str=A:\DCIM\PHOTO\2026-0724-153604_000082.JPG
2026-07-27 12:54:31,552 - INFO - API cmd=4003: HTTP 200, ответ: <?xml version="1.0" encoding="UTF-8" ?>
<Function>
<Cmd>4003</Cmd>
<Status>0</Status>
</Function>
2026-07-27 12:54:31,552 - INFO - [FF:FF:FF:10:FD:CD] Удалён с камеры: 2026-0724-153604_000082.JPG
2026-07-27 12:54:31,573 - INFO - [FF:FF:FF:10:FD:CD] Начало загрузки: 2026-0724-153613_000083.JPG
2026-07-27 12:54:33,777 - INFO - API cmd=4003: удаление -> http://192.168.1.254/?custom=1&cmd=4003&str=A:\DCIM\PHOTO\2026-0724-153613_000083.JPG
2026-07-27 12:54:33,831 - INFO - API cmd=4003: HTTP 200, ответ: <?xml version="1.0" encoding="UTF-8" ?>
<Function>
<Cmd>4003</Cmd>
<Status>0</Status>
</Function>
2026-07-27 12:54:33,832 - INFO - [FF:FF:FF:10:FD:CD] Удалён с камеры: 2026-0724-153613_000083.JPG
2026-07-27 12:54:33,852 - INFO - [FF:FF:FF:10:FD:CD] Начало загрузки: 2026-0724-153934_000084.JPG
2026-07-27 12:54:35,757 - INFO - API cmd=4003: удаление -> http://192.168.1.254/?custom=1&cmd=4003&str=A:\DCIM\PHOTO\2026-0724-153934_000084.JPG
2026-07-27 12:54:35,800 - INFO - API cmd=4003: HTTP 200, ответ: <?xml version="1.0" encoding="UTF-8" ?>
<Function>
<Cmd>4003</Cmd>
<Status>0</Status>
</Function>
2026-07-27 12:54:35,800 - INFO - [FF:FF:FF:10:FD:CD] Удалён с камеры: 2026-0724-153934_000084.JPG
2026-07-27 12:54:35,821 - INFO - [FF:FF:FF:10:FD:CD] Начало загрузки: 2026-0724-154200_000085.JPG
2026-07-27 12:54:37,654 - INFO - API cmd=4003: удаление -> http://192.168.1.254/?custom=1&cmd=4003&str=A:\DCIM\PHOTO\2026-0724-154200_000085.JPG
2026-07-27 12:54:37,692 - INFO - API cmd=4003: HTTP 200, ответ: <?xml version="1.0" encoding="UTF-8" ?>
<Function>
<Cmd>4003</Cmd>
<Status>0</Status>
</Function>
2026-07-27 12:54:37,692 - INFO - [FF:FF:FF:10:FD:CD] Удалён с камеры: 2026-0724-154200_000085.JPG
2026-07-27 12:54:37,712 - INFO - [FF:FF:FF:10:FD:CD] Начало загрузки: 2026-0724-154240_000086.JPG
2026-07-27 12:54:39,356 - INFO - API cmd=4003: удаление -> http://192.168.1.254/?custom=1&cmd=4003&str=A:\DCIM\PHOTO\2026-0724-154240_000086.JPG
2026-07-27 12:54:39,392 - INFO - API cmd=4003: HTTP 200, ответ: <?xml version="1.0" encoding="UTF-8" ?>
<Function>
<Cmd>4003</Cmd>
<Status>0</Status>
</Function>
2026-07-27 12:54:39,393 - INFO - [FF:FF:FF:10:FD:CD] Удалён с камеры: 2026-0724-154240_000086.JPG
2026-07-27 12:54:39,413 - INFO - [FF:FF:FF:10:FD:CD] Начало загрузки: 2026-0724-154349_000087.JPG
2026-07-27 12:54:41,426 - INFO - API cmd=4003: удаление -> http://192.168.1.254/?custom=1&cmd=4003&str=A:\DCIM\PHOTO\2026-0724-154349_000087.JPG
2026-07-27 12:54:41,461 - INFO - API cmd=4003: HTTP 200, ответ: <?xml version="1.0" encoding="UTF-8" ?>
<Function>
<Cmd>4003</Cmd>
<Status>0</Status>
</Function>
2026-07-27 12:54:41,461 - INFO - [FF:FF:FF:10:FD:CD] Удалён с камеры: 2026-0724-154349_000087.JPG
2026-07-27 12:54:41,481 - INFO - [FF:FF:FF:10:FD:CD] Начало загрузки: 2026-0724-154541_000088.JPG
2026-07-27 12:54:47,151 - INFO - API cmd=4003: удаление -> http://192.168.1.254/?custom=1&cmd=4003&str=A:\DCIM\PHOTO\2026-0724-154541_000088.JPG
2026-07-27 12:54:47,273 - INFO - API cmd=4003: HTTP 200, ответ: <?xml version="1.0" encoding="UTF-8" ?>
<Function>
<Cmd>4003</Cmd>
<Status>0</Status>
</Function>
2026-07-27 12:54:47,274 - INFO - [FF:FF:FF:10:FD:CD] Удалён с камеры: 2026-0724-154541_000088.JPG
2026-07-27 12:54:47,526 - INFO - [FF:FF:FF:10:FD:CD] Начало загрузки: 2026-0724-154720_000089.JPG
2026-07-27 12:54:49,046 - INFO - API cmd=4003: удаление -> http://192.168.1.254/?custom=1&cmd=4003&str=A:\DCIM\PHOTO\2026-0724-154720_000089.JPG
2026-07-27 12:54:49,084 - INFO - API cmd=4003: HTTP 200, ответ: <?xml version="1.0" encoding="UTF-8" ?>
<Function>
<Cmd>4003</Cmd>
<Status>0</Status>
</Function>
2026-07-27 12:54:49,084 - INFO - [FF:FF:FF:10:FD:CD] Удалён с камеры: 2026-0724-154720_000089.JPG
2026-07-27 12:54:49,103 - INFO - [FF:FF:FF:10:FD:CD] Начало загрузки: 2026-0724-155028_000090.JPG
2026-07-27 12:54:50,833 - INFO - API cmd=4003: удаление -> http://192.168.1.254/?custom=1&cmd=4003&str=A:\DCIM\PHOTO\2026-0724-155028_000090.JPG
2026-07-27 12:54:50,870 - INFO - API cmd=4003: HTTP 200, ответ: <?xml version="1.0" encoding="UTF-8" ?>
<Function>
<Cmd>4003</Cmd>
<Status>0</Status>
</Function>
2026-07-27 12:54:50,871 - INFO - [FF:FF:FF:10:FD:CD] Удалён с камеры: 2026-0724-155028_000090.JPG
2026-07-27 12:54:50,892 - INFO - [FF:FF:FF:10:FD:CD] Начало загрузки: 2026-0724-155154_000091.JPG
2026-07-27 12:54:52,530 - INFO - API cmd=4003: удаление -> http://192.168.1.254/?custom=1&cmd=4003&str=A:\DCIM\PHOTO\2026-0724-155154_000091.JPG
2026-07-27 12:54:52,566 - INFO - API cmd=4003: HTTP 200, ответ: <?xml version="1.0" encoding="UTF-8" ?>
<Function>
<Cmd>4003</Cmd>
<Status>0</Status>
</Function>
2026-07-27 12:54:52,566 - INFO - [FF:FF:FF:10:FD:CD] Удалён с камеры: 2026-0724-155154_000091.JPG
2026-07-27 12:54:52,586 - INFO - [FF:FF:FF:10:FD:CD] Начало загрузки: 2026-0724-155503_000092.JPG
2026-07-27 12:54:54,350 - INFO - API cmd=4003: удаление -> http://192.168.1.254/?custom=1&cmd=4003&str=A:\DCIM\PHOTO\2026-0724-155503_000092.JPG
2026-07-27 12:54:54,390 - INFO - API cmd=4003: HTTP 200, ответ: <?xml version="1.0" encoding="UTF-8" ?>
<Function>
<Cmd>4003</Cmd>
<Status>0</Status>
</Function>
2026-07-27 12:54:54,390 - INFO - [FF:FF:FF:10:FD:CD] Удалён с камеры: 2026-0724-155503_000092.JPG
2026-07-27 12:54:54,411 - INFO - [FF:FF:FF:10:FD:CD] Начало загрузки: 2026-0724-155703_000093.JPG
2026-07-27 12:54:56,906 - INFO - API cmd=4003: удаление -> http://192.168.1.254/?custom=1&cmd=4003&str=A:\DCIM\PHOTO\2026-0724-155703_000093.JPG
2026-07-27 12:54:56,942 - INFO - API cmd=4003: HTTP 200, ответ: <?xml version="1.0" encoding="UTF-8" ?>
<Function>
<Cmd>4003</Cmd>
<Status>0</Status>
</Function>
2026-07-27 12:54:56,942 - INFO - [FF:FF:FF:10:FD:CD] Удалён с камеры: 2026-0724-155703_000093.JPG
2026-07-27 12:54:57,085 - INFO - [FF:FF:FF:10:FD:CD] Начало загрузки: 2026-0724-160005_000094.JPG
2026-07-27 12:55:02,687 - INFO - API cmd=4003: удаление -> http://192.168.1.254/?custom=1&cmd=4003&str=A:\DCIM\PHOTO\2026-0724-160005_000094.JPG
2026-07-27 12:55:02,734 - INFO - API cmd=4003: HTTP 200, ответ: <?xml version="1.0" encoding="UTF-8" ?>
<Function>
<Cmd>4003</Cmd>
<Status>0</Status>
</Function>
2026-07-27 12:55:02,735 - INFO - [FF:FF:FF:10:FD:CD] Удалён с камеры: 2026-0724-160005_000094.JPG
2026-07-27 12:55:02,755 - INFO - [FF:FF:FF:10:FD:CD] Начало загрузки: 2026-0724-160015_000095.JPG
2026-07-27 12:55:04,367 - INFO - API cmd=4003: удаление -> http://192.168.1.254/?custom=1&cmd=4003&str=A:\DCIM\PHOTO\2026-0724-160015_000095.JPG
2026-07-27 12:55:04,408 - INFO - API cmd=4003: HTTP 200, ответ: <?xml version="1.0" encoding="UTF-8" ?>
<Function>
<Cmd>4003</Cmd>
<Status>0</Status>
</Function>
2026-07-27 12:55:04,408 - INFO - [FF:FF:FF:10:FD:CD] Удалён с камеры: 2026-0724-160015_000095.JPG
2026-07-27 12:55:04,430 - INFO - [FF:FF:FF:10:FD:CD] Начало загрузки: 2026-0724-160024_000096.JPG
2026-07-27 12:55:06,053 - INFO - API cmd=4003: удаление -> http://192.168.1.254/?custom=1&cmd=4003&str=A:\DCIM\PHOTO\2026-0724-160024_000096.JPG
2026-07-27 12:55:06,089 - INFO - API cmd=4003: HTTP 200, ответ: <?xml version="1.0" encoding="UTF-8" ?>
<Function>
<Cmd>4003</Cmd>
<Status>0</Status>
</Function>
2026-07-27 12:55:06,090 - INFO - [FF:FF:FF:10:FD:CD] Удалён с камеры: 2026-0724-160024_000096.JPG
2026-07-27 12:55:06,110 - INFO - [FF:FF:FF:10:FD:CD] Начало загрузки: 2026-0724-160129_000097.JPG
2026-07-27 12:55:08,243 - INFO - API cmd=4003: удаление -> http://192.168.1.254/?custom=1&cmd=4003&str=A:\DCIM\PHOTO\2026-0724-160129_000097.JPG
2026-07-27 12:55:08,282 - INFO - API cmd=4003: HTTP 200, ответ: <?xml version="1.0" encoding="UTF-8" ?>
<Function>
<Cmd>4003</Cmd>
<Status>0</Status>
</Function>
2026-07-27 12:55:08,282 - INFO - [FF:FF:FF:10:FD:CD] Удалён с камеры: 2026-0724-160129_000097.JPG
2026-07-27 12:55:08,301 - INFO - [FF:FF:FF:10:FD:CD] Начало загрузки: 2026-0724-160308_000098.JPG
2026-07-27 12:55:10,021 - INFO - API cmd=4003: удаление -> http://192.168.1.254/?custom=1&cmd=4003&str=A:\DCIM\PHOTO\2026-0724-160308_000098.JPG
2026-07-27 12:55:10,053 - INFO - API cmd=4003: HTTP 200, ответ: <?xml version="1.0" encoding="UTF-8" ?>
<Function>
<Cmd>4003</Cmd>
<Status>0</Status>
</Function>
2026-07-27 12:55:10,054 - INFO - [FF:FF:FF:10:FD:CD] Удалён с камеры: 2026-0724-160308_000098.JPG
2026-07-27 12:55:10,073 - INFO - [FF:FF:FF:10:FD:CD] Начало загрузки: 2026-0724-160322_000099.JPG
2026-07-27 12:55:13,769 - INFO - API cmd=4003: удаление -> http://192.168.1.254/?custom=1&cmd=4003&str=A:\DCIM\PHOTO\2026-0724-160322_000099.JPG
2026-07-27 12:55:13,810 - INFO - API cmd=4003: HTTP 200, ответ: <?xml version="1.0" encoding="UTF-8" ?>
<Function>
<Cmd>4003</Cmd>
<Status>0</Status>
</Function>
2026-07-27 12:55:13,810 - INFO - [FF:FF:FF:10:FD:CD] Удалён с камеры: 2026-0724-160322_000099.JPG
2026-07-27 12:55:13,829 - INFO - [FF:FF:FF:10:FD:CD] Начало загрузки: 2026-0724-160343_000100.JPG
2026-07-27 12:55:17,564 - INFO - API cmd=4003: удаление -> http://192.168.1.254/?custom=1&cmd=4003&str=A:\DCIM\PHOTO\2026-0724-160343_000100.JPG
2026-07-27 12:55:17,601 - INFO - API cmd=4003: HTTP 200, ответ: <?xml version="1.0" encoding="UTF-8" ?>
<Function>
<Cmd>4003</Cmd>
<Status>0</Status>
</Function>
2026-07-27 12:55:17,601 - INFO - [FF:FF:FF:10:FD:CD] Удалён с камеры: 2026-0724-160343_000100.JPG
2026-07-27 12:55:17,656 - INFO - [FF:FF:FF:10:FD:CD] Начало загрузки: 2026-0724-160425_000101.JPG
2026-07-27 12:55:19,273 - INFO - API cmd=4003: удаление -> http://192.168.1.254/?custom=1&cmd=4003&str=A:\DCIM\PHOTO\2026-0724-160425_000101.JPG
2026-07-27 12:55:19,317 - INFO - API cmd=4003: HTTP 200, ответ: <?xml version="1.0" encoding="UTF-8" ?>
<Function>
<Cmd>4003</Cmd>
<Status>0</Status>
</Function>
2026-07-27 12:55:19,318 - INFO - [FF:FF:FF:10:FD:CD] Удалён с камеры: 2026-0724-160425_000101.JPG
2026-07-27 12:55:19,334 - INFO - [FF:FF:FF:10:FD:CD] Начало загрузки: 2026-0724-160619_000102.JPG
2026-07-27 12:55:21,197 - INFO - API cmd=4003: удаление -> http://192.168.1.254/?custom=1&cmd=4003&str=A:\DCIM\PHOTO\2026-0724-160619_000102.JPG
2026-07-27 12:55:21,236 - INFO - API cmd=4003: HTTP 200, ответ: <?xml version="1.0" encoding="UTF-8" ?>
<Function>
<Cmd>4003</Cmd>
<Status>0</Status>
</Function>
2026-07-27 12:55:21,236 - INFO - [FF:FF:FF:10:FD:CD] Удалён с камеры: 2026-0724-160619_000102.JPG
2026-07-27 12:55:21,256 - INFO - [FF:FF:FF:10:FD:CD] Начало загрузки: 2026-0724-160859_000103.JPG
2026-07-27 12:55:23,137 - INFO - API cmd=4003: удаление -> http://192.168.1.254/?custom=1&cmd=4003&str=A:\DCIM\PHOTO\2026-0724-160859_000103.JPG
2026-07-27 12:55:23,182 - INFO - API cmd=4003: HTTP 200, ответ: <?xml version="1.0" encoding="UTF-8" ?>
<Function>
<Cmd>4003</Cmd>
<Status>0</Status>
</Function>
2026-07-27 12:55:23,182 - INFO - [FF:FF:FF:10:FD:CD] Удалён с камеры: 2026-0724-160859_000103.JPG
2026-07-27 12:55:23,201 - INFO - [FF:FF:FF:10:FD:CD] Начало загрузки: 2026-0724-161009_000104.JPG
2026-07-27 12:55:25,007 - INFO - API cmd=4003: удаление -> http://192.168.1.254/?custom=1&cmd=4003&str=A:\DCIM\PHOTO\2026-0724-161009_000104.JPG
2026-07-27 12:55:25,047 - INFO - API cmd=4003: HTTP 200, ответ: <?xml version="1.0" encoding="UTF-8" ?>
<Function>
<Cmd>4003</Cmd>
<Status>0</Status>
</Function>
2026-07-27 12:55:25,047 - INFO - [FF:FF:FF:10:FD:CD] Удалён с камеры: 2026-0724-161009_000104.JPG
2026-07-27 12:55:25,068 - INFO - [FF:FF:FF:10:FD:CD] Начало загрузки: 2026-0724-161846_000105.JPG
2026-07-27 12:55:28,296 - INFO - API cmd=4003: удаление -> http://192.168.1.254/?custom=1&cmd=4003&str=A:\DCIM\PHOTO\2026-0724-161846_000105.JPG
2026-07-27 12:55:28,332 - INFO - API cmd=4003: HTTP 200, ответ: <?xml version="1.0" encoding="UTF-8" ?>
<Function>
<Cmd>4003</Cmd>
<Status>0</Status>
</Function>
2026-07-27 12:55:28,333 - INFO - [FF:FF:FF:10:FD:CD] Удалён с камеры: 2026-0724-161846_000105.JPG
2026-07-27 12:55:28,354 - INFO - [FF:FF:FF:10:FD:CD] Начало загрузки: 2026-0724-162936_000106.JPG
2026-07-27 12:55:33,125 - INFO - API cmd=4003: удаление -> http://192.168.1.254/?custom=1&cmd=4003&str=A:\DCIM\PHOTO\2026-0724-162936_000106.JPG
2026-07-27 12:55:33,163 - INFO - API cmd=4003: HTTP 200, ответ: <?xml version="1.0" encoding="UTF-8" ?>
<Function>
<Cmd>4003</Cmd>
<Status>0</Status>
</Function>
2026-07-27 12:55:33,163 - INFO - [FF:FF:FF:10:FD:CD] Удалён с камеры: 2026-0724-162936_000106.JPG
2026-07-27 12:55:33,187 - INFO - [FF:FF:FF:10:FD:CD] Начало загрузки: 2026-0724-162958_000107.JPG
2026-07-27 12:55:34,786 - INFO - API cmd=4003: удаление -> http://192.168.1.254/?custom=1&cmd=4003&str=A:\DCIM\PHOTO\2026-0724-162958_000107.JPG
2026-07-27 12:55:34,821 - INFO - API cmd=4003: HTTP 200, ответ: <?xml version="1.0" encoding="UTF-8" ?>
<Function>
<Cmd>4003</Cmd>
<Status>0</Status>
</Function>
2026-07-27 12:55:34,821 - INFO - [FF:FF:FF:10:FD:CD] Удалён с камеры: 2026-0724-162958_000107.JPG
2026-07-27 12:55:34,837 - INFO - [FF:FF:FF:10:FD:CD] Начало загрузки: 2026-0724-163053_000108.JPG
2026-07-27 12:55:36,527 - INFO - API cmd=4003: удаление -> http://192.168.1.254/?custom=1&cmd=4003&str=A:\DCIM\PHOTO\2026-0724-163053_000108.JPG
2026-07-27 12:55:36,565 - INFO - API cmd=4003: HTTP 200, ответ: <?xml version="1.0" encoding="UTF-8" ?>
<Function>
<Cmd>4003</Cmd>
<Status>0</Status>
</Function>
2026-07-27 12:55:36,565 - INFO - [FF:FF:FF:10:FD:CD] Удалён с камеры: 2026-0724-163053_000108.JPG
2026-07-27 12:55:36,584 - INFO - [FF:FF:FF:10:FD:CD] Начало загрузки: 2026-0724-163101_000109.JPG
2026-07-27 12:55:38,243 - INFO - API cmd=4003: удаление -> http://192.168.1.254/?custom=1&cmd=4003&str=A:\DCIM\PHOTO\2026-0724-163101_000109.JPG
2026-07-27 12:55:38,278 - INFO - API cmd=4003: HTTP 200, ответ: <?xml version="1.0" encoding="UTF-8" ?>
<Function>
<Cmd>4003</Cmd>
<Status>0</Status>
</Function>
2026-07-27 12:55:38,278 - INFO - [FF:FF:FF:10:FD:CD] Удалён с камеры: 2026-0724-163101_000109.JPG
2026-07-27 12:55:38,297 - INFO - [FF:FF:FF:10:FD:CD] Начало загрузки: 2026-0724-163229_000110.JPG
2026-07-27 12:55:40,024 - INFO - API cmd=4003: удаление -> http://192.168.1.254/?custom=1&cmd=4003&str=A:\DCIM\PHOTO\2026-0724-163229_000110.JPG
2026-07-27 12:55:40,059 - INFO - API cmd=4003: HTTP 200, ответ: <?xml version="1.0" encoding="UTF-8" ?>
<Function>
<Cmd>4003</Cmd>
<Status>0</Status>
</Function>
2026-07-27 12:55:40,060 - INFO - [FF:FF:FF:10:FD:CD] Удалён с камеры: 2026-0724-163229_000110.JPG
2026-07-27 12:55:40,079 - INFO - [FF:FF:FF:10:FD:CD] Начало загрузки: 2026-0724-163538_000111.JPG
2026-07-27 12:55:43,247 - INFO - API cmd=4003: удаление -> http://192.168.1.254/?custom=1&cmd=4003&str=A:\DCIM\PHOTO\2026-0724-163538_000111.JPG
2026-07-27 12:55:43,283 - INFO - API cmd=4003: HTTP 200, ответ: <?xml version="1.0" encoding="UTF-8" ?>
<Function>
<Cmd>4003</Cmd>
<Status>0</Status>
</Function>
2026-07-27 12:55:43,283 - INFO - [FF:FF:FF:10:FD:CD] Удалён с камеры: 2026-0724-163538_000111.JPG
2026-07-27 12:55:43,303 - INFO - [FF:FF:FF:10:FD:CD] Начало загрузки: 2026-0724-163828_000112.JPG
2026-07-27 12:55:47,435 - INFO - API cmd=4003: удаление -> http://192.168.1.254/?custom=1&cmd=4003&str=A:\DCIM\PHOTO\2026-0724-163828_000112.JPG
2026-07-27 12:55:47,488 - INFO - API cmd=4003: HTTP 200, ответ: <?xml version="1.0" encoding="UTF-8" ?>
<Function>
<Cmd>4003</Cmd>
<Status>0</Status>
</Function>
2026-07-27 12:55:47,489 - INFO - [FF:FF:FF:10:FD:CD] Удалён с камеры: 2026-0724-163828_000112.JPG
2026-07-27 12:55:47,502 - INFO - [FF:FF:FF:10:FD:CD] Начало загрузки: 2026-0724-164128_000113.JPG
2026-07-27 12:55:49,358 - INFO - API cmd=4003: удаление -> http://192.168.1.254/?custom=1&cmd=4003&str=A:\DCIM\PHOTO\2026-0724-164128_000113.JPG
2026-07-27 12:55:49,393 - INFO - API cmd=4003: HTTP 200, ответ: <?xml version="1.0" encoding="UTF-8" ?>
<Function>
<Cmd>4003</Cmd>
<Status>0</Status>
</Function>
2026-07-27 12:55:49,393 - INFO - [FF:FF:FF:10:FD:CD] Удалён с камеры: 2026-0724-164128_000113.JPG
2026-07-27 12:55:49,410 - INFO - [FF:FF:FF:10:FD:CD] Начало загрузки: 2026-0724-164434_000114.JPG
2026-07-27 12:55:51,102 - INFO - API cmd=4003: удаление -> http://192.168.1.254/?custom=1&cmd=4003&str=A:\DCIM\PHOTO\2026-0724-164434_000114.JPG
2026-07-27 12:55:51,135 - INFO - API cmd=4003: HTTP 200, ответ: <?xml version="1.0" encoding="UTF-8" ?>
<Function>
<Cmd>4003</Cmd>
<Status>0</Status>
</Function>
2026-07-27 12:55:51,135 - INFO - [FF:FF:FF:10:FD:CD] Удалён с камеры: 2026-0724-164434_000114.JPG
2026-07-27 12:55:51,152 - INFO - [FF:FF:FF:10:FD:CD] Начало загрузки: 2026-0724-164735_000115.JPG
2026-07-27 12:55:52,823 - INFO - API cmd=4003: удаление -> http://192.168.1.254/?custom=1&cmd=4003&str=A:\DCIM\PHOTO\2026-0724-164735_000115.JPG
2026-07-27 12:55:52,857 - INFO - API cmd=4003: HTTP 200, ответ: <?xml version="1.0" encoding="UTF-8" ?>
<Function>
<Cmd>4003</Cmd>
<Status>0</Status>
</Function>
2026-07-27 12:55:52,857 - INFO - [FF:FF:FF:10:FD:CD] Удалён с камеры: 2026-0724-164735_000115.JPG
2026-07-27 12:55:52,876 - INFO - [FF:FF:FF:10:FD:CD] Начало загрузки: 2026-0724-165033_000116.JPG
2026-07-27 12:55:54,499 - INFO - API cmd=4003: удаление -> http://192.168.1.254/?custom=1&cmd=4003&str=A:\DCIM\PHOTO\2026-0724-165033_000116.JPG
2026-07-27 12:55:54,534 - INFO - API cmd=4003: HTTP 200, ответ: <?xml version="1.0" encoding="UTF-8" ?>
<Function>
<Cmd>4003</Cmd>
<Status>0</Status>
</Function>
2026-07-27 12:55:54,534 - INFO - [FF:FF:FF:10:FD:CD] Удалён с камеры: 2026-0724-165033_000116.JPG
2026-07-27 12:55:54,556 - INFO - [FF:FF:FF:10:FD:CD] Начало загрузки: 2026-0724-165328_000117.JPG
2026-07-27 12:55:56,748 - INFO - API cmd=4003: удаление -> http://192.168.1.254/?custom=1&cmd=4003&str=A:\DCIM\PHOTO\2026-0724-165328_000117.JPG
2026-07-27 12:55:56,782 - INFO - API cmd=4003: HTTP 200, ответ: <?xml version="1.0" encoding="UTF-8" ?>
<Function>
<Cmd>4003</Cmd>
<Status>0</Status>
</Function>
2026-07-27 12:55:56,782 - INFO - [FF:FF:FF:10:FD:CD] Удалён с камеры: 2026-0724-165328_000117.JPG
2026-07-27 12:55:56,800 - INFO - [FF:FF:FF:10:FD:CD] Начало загрузки: 2026-0724-165407_000118.JPG
2026-07-27 12:56:01,337 - INFO - API cmd=4003: удаление -> http://192.168.1.254/?custom=1&cmd=4003&str=A:\DCIM\PHOTO\2026-0724-165407_000118.JPG
2026-07-27 12:56:01,484 - INFO - API cmd=4003: HTTP 200, ответ: <?xml version="1.0" encoding="UTF-8" ?>
<Function>
<Cmd>4003</Cmd>
<Status>0</Status>
</Function>
2026-07-27 12:56:01,485 - INFO - [FF:FF:FF:10:FD:CD] Удалён с камеры: 2026-0724-165407_000118.JPG
2026-07-27 12:56:01,504 - INFO - [FF:FF:FF:10:FD:CD] Начало загрузки: 2026-0724-165458_000119.JPG
2026-07-27 12:56:03,959 - INFO - API cmd=4003: удаление -> http://192.168.1.254/?custom=1&cmd=4003&str=A:\DCIM\PHOTO\2026-0724-165458_000119.JPG
2026-07-27 12:56:03,993 - INFO - API cmd=4003: HTTP 200, ответ: <?xml version="1.0" encoding="UTF-8" ?>
<Function>
<Cmd>4003</Cmd>
<Status>0</Status>
</Function>
2026-07-27 12:56:03,993 - INFO - [FF:FF:FF:10:FD:CD] Удалён с камеры: 2026-0724-165458_000119.JPG
2026-07-27 12:56:04,014 - INFO - [FF:FF:FF:10:FD:CD] Начало загрузки: 2026-0724-165508_000120.JPG
2026-07-27 12:56:05,492 - INFO - API cmd=4003: удаление -> http://192.168.1.254/?custom=1&cmd=4003&str=A:\DCIM\PHOTO\2026-0724-165508_000120.JPG
2026-07-27 12:56:05,527 - INFO - API cmd=4003: HTTP 200, ответ: <?xml version="1.0" encoding="UTF-8" ?>
<Function>
<Cmd>4003</Cmd>
<Status>0</Status>
</Function>
2026-07-27 12:56:05,528 - INFO - [FF:FF:FF:10:FD:CD] Удалён с камеры: 2026-0724-165508_000120.JPG
2026-07-27 12:56:05,546 - INFO - [FF:FF:FF:10:FD:CD] Начало загрузки: 2026-0724-165736_000121.JPG
2026-07-27 12:56:07,463 - INFO - API cmd=4003: удаление -> http://192.168.1.254/?custom=1&cmd=4003&str=A:\DCIM\PHOTO\2026-0724-165736_000121.JPG
2026-07-27 12:56:07,510 - INFO - API cmd=4003: HTTP 200, ответ: <?xml version="1.0" encoding="UTF-8" ?>
<Function>
<Cmd>4003</Cmd>
<Status>0</Status>
</Function>
2026-07-27 12:56:07,510 - INFO - [FF:FF:FF:10:FD:CD] Удалён с камеры: 2026-0724-165736_000121.JPG
2026-07-27 12:56:07,527 - INFO - [FF:FF:FF:10:FD:CD] Начало загрузки: 2026-0724-170125_000122.JPG
2026-07-27 12:56:10,104 - INFO - API cmd=4003: удаление -> http://192.168.1.254/?custom=1&cmd=4003&str=A:\DCIM\PHOTO\2026-0724-170125_000122.JPG
2026-07-27 12:56:10,137 - INFO - API cmd=4003: HTTP 200, ответ: <?xml version="1.0" encoding="UTF-8" ?>
<Function>
<Cmd>4003</Cmd>
<Status>0</Status>
</Function>
2026-07-27 12:56:10,137 - INFO - [FF:FF:FF:10:FD:CD] Удалён с камеры: 2026-0724-170125_000122.JPG
2026-07-27 12:56:10,389 - INFO - [FF:FF:FF:10:FD:CD] Начало загрузки: 2026-0724-170134_000123.JPG
2026-07-27 12:56:14,170 - INFO - API cmd=4003: удаление -> http://192.168.1.254/?custom=1&cmd=4003&str=A:\DCIM\PHOTO\2026-0724-170134_000123.JPG
2026-07-27 12:56:14,540 - INFO - API cmd=4003: HTTP 200, ответ: <?xml version="1.0" encoding="UTF-8" ?>
<Function>
<Cmd>4003</Cmd>
<Status>0</Status>
</Function>
2026-07-27 12:56:14,541 - INFO - [FF:FF:FF:10:FD:CD] Удалён с камеры: 2026-0724-170134_000123.JPG
2026-07-27 12:56:14,562 - INFO - [FF:FF:FF:10:FD:CD] Начало загрузки: 2026-0724-170227_000124.JPG
2026-07-27 12:56:18,485 - INFO - API cmd=4003: удаление -> http://192.168.1.254/?custom=1&cmd=4003&str=A:\DCIM\PHOTO\2026-0724-170227_000124.JPG
2026-07-27 12:56:18,521 - INFO - API cmd=4003: HTTP 200, ответ: <?xml version="1.0" encoding="UTF-8" ?>
<Function>
<Cmd>4003</Cmd>
<Status>0</Status>
</Function>
2026-07-27 12:56:18,521 - INFO - [FF:FF:FF:10:FD:CD] Удалён с камеры: 2026-0724-170227_000124.JPG
2026-07-27 12:56:18,539 - INFO - [FF:FF:FF:10:FD:CD] Начало загрузки: 2026-0724-170236_000125.JPG
2026-07-27 12:56:20,328 - INFO - API cmd=4003: удаление -> http://192.168.1.254/?custom=1&cmd=4003&str=A:\DCIM\PHOTO\2026-0724-170236_000125.JPG
2026-07-27 12:56:20,361 - INFO - API cmd=4003: HTTP 200, ответ: <?xml version="1.0" encoding="UTF-8" ?>
<Function>
<Cmd>4003</Cmd>
<Status>0</Status>
</Function>
2026-07-27 12:56:20,361 - INFO - [FF:FF:FF:10:FD:CD] Удалён с камеры: 2026-0724-170236_000125.JPG
2026-07-27 12:56:20,381 - INFO - [FF:FF:FF:10:FD:CD] Начало загрузки: 2026-0724-170901_000126.JPG
2026-07-27 12:56:22,187 - INFO - API cmd=4003: удаление -> http://192.168.1.254/?custom=1&cmd=4003&str=A:\DCIM\PHOTO\2026-0724-170901_000126.JPG
2026-07-27 12:56:22,221 - INFO - API cmd=4003: HTTP 200, ответ: <?xml version="1.0" encoding="UTF-8" ?>
<Function>
<Cmd>4003</Cmd>
<Status>0</Status>
</Function>
2026-07-27 12:56:22,221 - INFO - [FF:FF:FF:10:FD:CD] Удалён с камеры: 2026-0724-170901_000126.JPG
2026-07-27 12:56:22,235 - INFO - [FF:FF:FF:10:FD:CD] Начало загрузки: 2026-0724-170910_000127.JPG
2026-07-27 12:56:23,830 - INFO - API cmd=4003: удаление -> http://192.168.1.254/?custom=1&cmd=4003&str=A:\DCIM\PHOTO\2026-0724-170910_000127.JPG
2026-07-27 12:56:23,870 - INFO - API cmd=4003: HTTP 200, ответ: <?xml version="1.0" encoding="UTF-8" ?>
<Function>
<Cmd>4003</Cmd>
<Status>0</Status>
</Function>
2026-07-27 12:56:23,871 - INFO - [FF:FF:FF:10:FD:CD] Удалён с камеры: 2026-0724-170910_000127.JPG
2026-07-27 12:56:23,889 - INFO - [FF:FF:FF:10:FD:CD] Начало загрузки: 2026-0724-171129_000128.JPG
2026-07-27 12:56:25,766 - INFO - API cmd=4003: удаление -> http://192.168.1.254/?custom=1&cmd=4003&str=A:\DCIM\PHOTO\2026-0724-171129_000128.JPG
2026-07-27 12:56:25,805 - INFO - API cmd=4003: HTTP 200, ответ: <?xml version="1.0" encoding="UTF-8" ?>
<Function>
<Cmd>4003</Cmd>
<Status>0</Status>
</Function>
2026-07-27 12:56:25,806 - INFO - [FF:FF:FF:10:FD:CD] Удалён с камеры: 2026-0724-171129_000128.JPG
2026-07-27 12:56:25,824 - INFO - [FF:FF:FF:10:FD:CD] Начало загрузки: 2026-0724-171225_000129.JPG
2026-07-27 12:56:30,645 - INFO - API cmd=4003: удаление -> http://192.168.1.254/?custom=1&cmd=4003&str=A:\DCIM\PHOTO\2026-0724-171225_000129.JPG
2026-07-27 12:56:30,698 - INFO - API cmd=4003: HTTP 200, ответ: <?xml version="1.0" encoding="UTF-8" ?>
<Function>
<Cmd>4003</Cmd>
<Status>0</Status>
</Function>
2026-07-27 12:56:30,698 - INFO - [FF:FF:FF:10:FD:CD] Удалён с камеры: 2026-0724-171225_000129.JPG
2026-07-27 12:56:30,720 - INFO - [FF:FF:FF:10:FD:CD] Начало загрузки: 2026-0724-171525_000130.JPG
2026-07-27 12:56:33,414 - INFO - API cmd=4003: удаление -> http://192.168.1.254/?custom=1&cmd=4003&str=A:\DCIM\PHOTO\2026-0724-171525_000130.JPG
2026-07-27 12:56:33,469 - INFO - API cmd=4003: HTTP 200, ответ: <?xml version="1.0" encoding="UTF-8" ?>
<Function>
<Cmd>4003</Cmd>
<Status>0</Status>
</Function>
2026-07-27 12:56:33,469 - INFO - [FF:FF:FF:10:FD:CD] Удалён с камеры: 2026-0724-171525_000130.JPG
2026-07-27 12:56:33,494 - INFO - [FF:FF:FF:10:FD:CD] Начало загрузки: 2026-0724-171536_000131.JPG
2026-07-27 12:56:35,227 - INFO - API cmd=4003: удаление -> http://192.168.1.254/?custom=1&cmd=4003&str=A:\DCIM\PHOTO\2026-0724-171536_000131.JPG
2026-07-27 12:56:35,271 - INFO - API cmd=4003: HTTP 200, ответ: <?xml version="1.0" encoding="UTF-8" ?>
<Function>
<Cmd>4003</Cmd>
<Status>0</Status>
</Function>
2026-07-27 12:56:35,271 - INFO - [FF:FF:FF:10:FD:CD] Удалён с камеры: 2026-0724-171536_000131.JPG
2026-07-27 12:56:35,294 - INFO - [FF:FF:FF:10:FD:CD] Начало загрузки: 2026-0724-171621_000132.JPG
2026-07-27 12:56:36,992 - INFO - API cmd=4003: удаление -> http://192.168.1.254/?custom=1&cmd=4003&str=A:\DCIM\PHOTO\2026-0724-171621_000132.JPG
2026-07-27 12:56:37,045 - INFO - API cmd=4003: HTTP 200, ответ: <?xml version="1.0" encoding="UTF-8" ?>
<Function>
<Cmd>4003</Cmd>
<Status>0</Status>
</Function>
2026-07-27 12:56:37,046 - INFO - [FF:FF:FF:10:FD:CD] Удалён с камеры: 2026-0724-171621_000132.JPG
2026-07-27 12:56:37,057 - INFO - [FF:FF:FF:10:FD:CD] Начало загрузки: 2026-0724-171654_000133.JPG
2026-07-27 12:56:38,746 - INFO - API cmd=4003: удаление -> http://192.168.1.254/?custom=1&cmd=4003&str=A:\DCIM\PHOTO\2026-0724-171654_000133.JPG
2026-07-27 12:56:38,782 - INFO - API cmd=4003: HTTP 200, ответ: <?xml version="1.0" encoding="UTF-8" ?>
<Function>
<Cmd>4003</Cmd>
<Status>0</Status>
</Function>
2026-07-27 12:56:38,783 - INFO - [FF:FF:FF:10:FD:CD] Удалён с камеры: 2026-0724-171654_000133.JPG
2026-07-27 12:56:38,801 - INFO - [FF:FF:FF:10:FD:CD] Начало загрузки: 2026-0724-171752_000134.JPG
2026-07-27 12:56:40,491 - INFO - API cmd=4003: удаление -> http://192.168.1.254/?custom=1&cmd=4003&str=A:\DCIM\PHOTO\2026-0724-171752_000134.JPG
2026-07-27 12:56:40,529 - INFO - API cmd=4003: HTTP 200, ответ: <?xml version="1.0" encoding="UTF-8" ?>
<Function>
<Cmd>4003</Cmd>
<Status>0</Status>
</Function>
2026-07-27 12:56:40,529 - INFO - [FF:FF:FF:10:FD:CD] Удалён с камеры: 2026-0724-171752_000134.JPG
2026-07-27 12:56:40,550 - INFO - [FF:FF:FF:10:FD:CD] Начало загрузки: 2026-0724-172117_000135.JPG
2026-07-27 12:56:44,711 - INFO - API cmd=4003: удаление -> http://192.168.1.254/?custom=1&cmd=4003&str=A:\DCIM\PHOTO\2026-0724-172117_000135.JPG
2026-07-27 12:56:44,747 - INFO - API cmd=4003: HTTP 200, ответ: <?xml version="1.0" encoding="UTF-8" ?>
<Function>
<Cmd>4003</Cmd>
<Status>0</Status>
</Function>
2026-07-27 12:56:44,747 - INFO - [FF:FF:FF:10:FD:CD] Удалён с камеры: 2026-0724-172117_000135.JPG
2026-07-27 12:56:44,985 - INFO - [FF:FF:FF:10:FD:CD] Начало загрузки: 2026-0724-172130_000136.JPG
2026-07-27 12:56:48,449 - INFO - API cmd=4003: удаление -> http://192.168.1.254/?custom=1&cmd=4003&str=A:\DCIM\PHOTO\2026-0724-172130_000136.JPG
2026-07-27 12:56:48,492 - INFO - API cmd=4003: HTTP 200, ответ: <?xml version="1.0" encoding="UTF-8" ?>
<Function>
<Cmd>4003</Cmd>
<Status>0</Status>
</Function>
2026-07-27 12:56:48,492 - INFO - [FF:FF:FF:10:FD:CD] Удалён с камеры: 2026-0724-172130_000136.JPG
2026-07-27 12:56:48,512 - INFO - [FF:FF:FF:10:FD:CD] Начало загрузки: 2026-0724-172143_000137.JPG
2026-07-27 12:56:50,146 - INFO - API cmd=4003: удаление -> http://192.168.1.254/?custom=1&cmd=4003&str=A:\DCIM\PHOTO\2026-0724-172143_000137.JPG
2026-07-27 12:56:50,196 - INFO - API cmd=4003: HTTP 200, ответ: <?xml version="1.0" encoding="UTF-8" ?>
<Function>
<Cmd>4003</Cmd>
<Status>0</Status>
</Function>
2026-07-27 12:56:50,197 - INFO - [FF:FF:FF:10:FD:CD] Удалён с камеры: 2026-0724-172143_000137.JPG
2026-07-27 12:56:50,217 - INFO - [FF:FF:FF:10:FD:CD] Начало загрузки: 2026-0724-174745_000138.JPG
2026-07-27 12:56:52,010 - INFO - API cmd=4003: удаление -> http://192.168.1.254/?custom=1&cmd=4003&str=A:\DCIM\PHOTO\2026-0724-174745_000138.JPG
2026-07-27 12:56:52,045 - INFO - API cmd=4003: HTTP 200, ответ: <?xml version="1.0" encoding="UTF-8" ?>
<Function>
<Cmd>4003</Cmd>
<Status>0</Status>
</Function>
2026-07-27 12:56:52,046 - INFO - [FF:FF:FF:10:FD:CD] Удалён с камеры: 2026-0724-174745_000138.JPG
2026-07-27 12:56:52,061 - INFO - [FF:FF:FF:10:FD:CD] Начало загрузки: 2026-0724-174922_000139.JPG
2026-07-27 12:56:53,652 - INFO - API cmd=4003: удаление -> http://192.168.1.254/?custom=1&cmd=4003&str=A:\DCIM\PHOTO\2026-0724-174922_000139.JPG
2026-07-27 12:56:53,687 - INFO - API cmd=4003: HTTP 200, ответ: <?xml version="1.0" encoding="UTF-8" ?>
<Function>
<Cmd>4003</Cmd>
<Status>0</Status>
</Function>
2026-07-27 12:56:53,687 - INFO - [FF:FF:FF:10:FD:CD] Удалён с камеры: 2026-0724-174922_000139.JPG
2026-07-27 12:56:53,707 - INFO - [FF:FF:FF:10:FD:CD] Начало загрузки: 2026-0724-174950_000140.JPG
2026-07-27 12:56:55,270 - INFO - API cmd=4003: удаление -> http://192.168.1.254/?custom=1&cmd=4003&str=A:\DCIM\PHOTO\2026-0724-174950_000140.JPG
2026-07-27 12:56:55,307 - INFO - API cmd=4003: HTTP 200, ответ: <?xml version="1.0" encoding="UTF-8" ?>
<Function>
<Cmd>4003</Cmd>
<Status>0</Status>
</Function>
2026-07-27 12:56:55,308 - INFO - [FF:FF:FF:10:FD:CD] Удалён с камеры: 2026-0724-174950_000140.JPG
2026-07-27 12:56:55,331 - INFO - [FF:FF:FF:10:FD:CD] Начало загрузки: 2026-0724-174957_000141.JPG
2026-07-27 12:57:56,048 - WARNING - [FF:FF:FF:10:FD:CD] Ошибка загрузки: 2026-0724-174957_000141.JPG: 
2026-07-27 12:57:56,073 - INFO - [FF:FF:FF:10:FD:CD] Начало загрузки: 2026-0724-175006_000142.JPG
2026-07-27 12:57:56,073 - WARNING - [FF:FF:FF:10:FD:CD] Обрыв сети при загрузке 2026-0724-175006_000142.JPG: Cannot connect to host 192.168.1.254:80 ssl:default [Network is unreachable]
2026-07-27 12:57:56,074 - INFO - [FF:FF:FF:10:FD:CD] Wi-Fi обнаружен. Попытка реконнекта...
2026-07-27 12:58:11,089 - INFO - [FF:FF:FF:10:FD:CD] Реконнект Wi-Fi (попытка 1/9)...
2026-07-27 12:58:11,089 - INFO - Wi-Fi: Подключение к CAM_d713 (таймаут 35 сек)...
2026-07-27 12:58:13,185 - INFO - Wi-Fi: Профиль 'CAM_d713' создан
2026-07-27 12:59:16,030 - WARNING - Wi-Fi: Не удалось подключиться к CAM_d713 за 35 сек (2 попыток)
2026-07-27 12:59:16,030 - WARNING - [FF:FF:FF:10:FD:CD] Wi-Fi не подключился. Повтор через 15 сек...
2026-07-27 12:59:31,045 - INFO - [FF:FF:FF:10:FD:CD] Реконнект Wi-Fi (попытка 2/9)...
2026-07-27 12:59:31,045 - INFO - Wi-Fi: Подключение к CAM_d713 (таймаут 35 сек)...
2026-07-27 12:59:33,140 - INFO - Wi-Fi: Профиль 'CAM_d713' создан
2026-07-27 13:00:37,031 - WARNING - Wi-Fi: Не удалось подключиться к CAM_d713 за 35 сек (2 попыток)
2026-07-27 13:00:37,031 - WARNING - [FF:FF:FF:10:FD:CD] Wi-Fi не подключился. Повтор через 15 сек...
2026-07-27 13:00:52,233 - INFO - [FF:FF:FF:10:FD:CD] Реконнект Wi-Fi (попытка 3/9)...
2026-07-27 13:00:52,233 - INFO - Wi-Fi: Подключение к CAM_d713 (таймаут 35 сек)...
2026-07-27 13:00:54,333 - INFO - Wi-Fi: Профиль 'CAM_d713' создан
2026-07-27 13:01:56,035 - WARNING - Wi-Fi: Не удалось подключиться к CAM_d713 за 35 сек (2 попыток)
2026-07-27 13:01:56,035 - WARNING - [FF:FF:FF:10:FD:CD] Wi-Fi не подключился. Повтор через 15 сек...
2026-07-27 13:02:11,049 - INFO - [FF:FF:FF:10:FD:CD] Реконнект Wi-Fi (попытка 4/9)...
2026-07-27 13:02:11,049 - INFO - Wi-Fi: Подключение к CAM_d713 (таймаут 35 сек)...
2026-07-27 13:02:13,147 - INFO - Wi-Fi: Профиль 'CAM_d713' создан
2026-07-27 13:03:16,020 - WARNING - Wi-Fi: Не удалось подключиться к CAM_d713 за 35 сек (2 попыток)
2026-07-27 13:03:16,020 - WARNING - [FF:FF:FF:10:FD:CD] Wi-Fi не подключился. Повтор через 15 сек...
2026-07-27 13:03:31,033 - INFO - [FF:FF:FF:10:FD:CD] Реконнект Wi-Fi (попытка 5/9)...
2026-07-27 13:03:31,033 - INFO - Wi-Fi: Подключение к CAM_d713 (таймаут 35 сек)...
2026-07-27 13:03:33,138 - INFO - Wi-Fi: Профиль 'CAM_d713' создан
2026-07-27 13:04:37,022 - WARNING - Wi-Fi: Не удалось подключиться к CAM_d713 за 35 сек (2 попыток)
2026-07-27 13:04:37,023 - WARNING - [FF:FF:FF:10:FD:CD] Wi-Fi не подключился. Повтор через 15 сек...
2026-07-27 13:04:52,038 - INFO - [FF:FF:FF:10:FD:CD] Реконнект Wi-Fi (попытка 6/9)...
2026-07-27 13:04:52,039 - INFO - Wi-Fi: Подключение к CAM_d713 (таймаут 35 сек)...
2026-07-27 13:04:54,161 - INFO - Wi-Fi: Профиль 'CAM_d713' создан
2026-07-27 13:05:56,028 - WARNING - Wi-Fi: Не удалось подключиться к CAM_d713 за 35 сек (2 попыток)
2026-07-27 13:05:56,029 - WARNING - [FF:FF:FF:10:FD:CD] Wi-Fi не подключился. Повтор через 15 сек...
2026-07-27 13:06:11,041 - INFO - [FF:FF:FF:10:FD:CD] Реконнект Wi-Fi (попытка 7/9)...
2026-07-27 13:06:11,042 - INFO - Wi-Fi: Подключение к CAM_d713 (таймаут 35 сек)...
2026-07-27 13:06:13,137 - INFO - Wi-Fi: Профиль 'CAM_d713' создан
2026-07-27 13:07:16,021 - WARNING - Wi-Fi: Не удалось подключиться к CAM_d713 за 35 сек (2 попыток)
2026-07-27 13:07:16,021 - WARNING - [FF:FF:FF:10:FD:CD] Wi-Fi не подключился. Повтор через 15 сек...
2026-07-27 13:07:31,037 - INFO - [FF:FF:FF:10:FD:CD] Реконнект Wi-Fi (попытка 8/9)...
2026-07-27 13:07:31,037 - INFO - Wi-Fi: Подключение к CAM_d713 (таймаут 35 сек)...
2026-07-27 13:07:33,128 - INFO - Wi-Fi: Профиль 'CAM_d713' создан
2026-07-27 13:08:35,031 - WARNING - Wi-Fi: Не удалось подключиться к CAM_d713 за 35 сек (2 попыток)
2026-07-27 13:08:35,031 - WARNING - [FF:FF:FF:10:FD:CD] Wi-Fi не подключился. Повтор через 15 сек...
2026-07-27 13:08:50,229 - INFO - [FF:FF:FF:10:FD:CD] Реконнект Wi-Fi (попытка 9/9)...
2026-07-27 13:08:50,230 - INFO - Wi-Fi: Подключение к CAM_d713 (таймаут 35 сек)...
2026-07-27 13:08:52,327 - INFO - Wi-Fi: Профиль 'CAM_d713' создан
2026-07-27 13:09:55,026 - WARNING - Wi-Fi: Не удалось подключиться к CAM_d713 за 35 сек (2 попыток)
2026-07-27 13:09:55,026 - WARNING - [FF:FF:FF:10:FD:CD] Wi-Fi не подключился. Повтор через 15 сек...
2026-07-27 13:10:10,041 - ERROR - [FF:FF:FF:10:FD:CD] Не удалось загрузить файлы после 10 попыток
2026-07-27 13:10:10,056 - INFO - [FF:FF:FF:10:FD:CD] Сжатие изображений в /scanner/downloads/2/20260727
2026-07-27 13:10:10,062 - INFO - Найдено 67 JPG файлов для сжатия
2026-07-27 13:10:10,062 - INFO - Качество сжатия: -q:v 12
2026-07-27 13:10:10,063 - INFO - Сжатие: 2_2026-0724-153422_000075.JPG -> 2_2026-0724-153422_000075_cmp_12.JPG
2026-07-27 13:10:10,516 - INFO - OK: 2_2026-0724-153422_000075.JPG (5298072 байт) -> 2_2026-0724-153422_000075_cmp_12.JPG (421624 байт, -92.0%)
2026-07-27 13:10:10,516 - INFO - Сжатие: 2_2026-0724-153431_000076.JPG -> 2_2026-0724-153431_000076_cmp_12.JPG
2026-07-27 13:10:10,982 - INFO - OK: 2_2026-0724-153431_000076.JPG (5580668 байт) -> 2_2026-0724-153431_000076_cmp_12.JPG (472021 байт, -91.5%)
2026-07-27 13:10:10,982 - INFO - Сжатие: 2_2026-0724-153442_000077.JPG -> 2_2026-0724-153442_000077_cmp_12.JPG
2026-07-27 13:10:11,428 - INFO - OK: 2_2026-0724-153442_000077.JPG (5640830 байт) -> 2_2026-0724-153442_000077_cmp_12.JPG (519538 байт, -90.8%)
2026-07-27 13:10:11,428 - INFO - Сжатие: 2_2026-0724-153451_000078.JPG -> 2_2026-0724-153451_000078_cmp_12.JPG
2026-07-27 13:10:11,910 - INFO - OK: 2_2026-0724-153451_000078.JPG (5642226 байт) -> 2_2026-0724-153451_000078_cmp_12.JPG (452069 байт, -92.0%)
2026-07-27 13:10:11,910 - INFO - Сжатие: 2_2026-0724-153457_000079.JPG -> 2_2026-0724-153457_000079_cmp_12.JPG
2026-07-27 13:10:12,378 - INFO - OK: 2_2026-0724-153457_000079.JPG (5441730 байт) -> 2_2026-0724-153457_000079_cmp_12.JPG (488580 байт, -91.0%)
2026-07-27 13:10:12,379 - INFO - Сжатие: 2_2026-0724-153546_000080.JPG -> 2_2026-0724-153546_000080_cmp_12.JPG
2026-07-27 13:10:12,850 - INFO - OK: 2_2026-0724-153546_000080.JPG (6424419 байт) -> 2_2026-0724-153546_000080_cmp_12.JPG (710020 байт, -88.9%)
2026-07-27 13:10:12,850 - INFO - Сжатие: 2_2026-0724-153555_000081.JPG -> 2_2026-0724-153555_000081_cmp_12.JPG
2026-07-27 13:10:13,300 - INFO - OK: 2_2026-0724-153555_000081.JPG (5711817 байт) -> 2_2026-0724-153555_000081_cmp_12.JPG (562068 байт, -90.2%)
2026-07-27 13:10:13,300 - INFO - Сжатие: 2_2026-0724-153604_000082.JPG -> 2_2026-0724-153604_000082_cmp_12.JPG
2026-07-27 13:10:13,770 - INFO - OK: 2_2026-0724-153604_000082.JPG (5810039 байт) -> 2_2026-0724-153604_000082_cmp_12.JPG (598113 байт, -89.7%)
2026-07-27 13:10:13,770 - INFO - Сжатие: 2_2026-0724-153613_000083.JPG -> 2_2026-0724-153613_000083_cmp_12.JPG
2026-07-27 13:10:14,254 - INFO - OK: 2_2026-0724-153613_000083.JPG (5963661 байт) -> 2_2026-0724-153613_000083_cmp_12.JPG (622008 байт, -89.6%)
2026-07-27 13:10:14,254 - INFO - Сжатие: 2_2026-0724-153934_000084.JPG -> 2_2026-0724-153934_000084_cmp_12.JPG
2026-07-27 13:10:14,727 - INFO - OK: 2_2026-0724-153934_000084.JPG (6079396 байт) -> 2_2026-0724-153934_000084_cmp_12.JPG (622231 байт, -89.8%)
2026-07-27 13:10:14,727 - INFO - Сжатие: 2_2026-0724-154200_000085.JPG -> 2_2026-0724-154200_000085_cmp_12.JPG
2026-07-27 13:10:15,394 - INFO - OK: 2_2026-0724-154200_000085.JPG (5950993 байт) -> 2_2026-0724-154200_000085_cmp_12.JPG (641796 байт, -89.2%)
2026-07-27 13:10:15,394 - INFO - Сжатие: 2_2026-0724-154240_000086.JPG -> 2_2026-0724-154240_000086_cmp_12.JPG
2026-07-27 13:10:15,845 - INFO - OK: 2_2026-0724-154240_000086.JPG (5758442 байт) -> 2_2026-0724-154240_000086_cmp_12.JPG (575512 байт, -90.0%)
2026-07-27 13:10:15,845 - INFO - Сжатие: 2_2026-0724-154349_000087.JPG -> 2_2026-0724-154349_000087_cmp_12.JPG
2026-07-27 13:10:16,344 - INFO - OK: 2_2026-0724-154349_000087.JPG (5830847 байт) -> 2_2026-0724-154349_000087_cmp_12.JPG (586021 байт, -89.9%)
2026-07-27 13:10:16,345 - INFO - Сжатие: 2_2026-0724-154541_000088.JPG -> 2_2026-0724-154541_000088_cmp_12.JPG
2026-07-27 13:10:16,862 - INFO - OK: 2_2026-0724-154541_000088.JPG (6245743 байт) -> 2_2026-0724-154541_000088_cmp_12.JPG (684777 байт, -89.0%)
2026-07-27 13:10:16,863 - INFO - Сжатие: 2_2026-0724-154720_000089.JPG -> 2_2026-0724-154720_000089_cmp_12.JPG
2026-07-27 13:10:17,329 - INFO - OK: 2_2026-0724-154720_000089.JPG (5649457 байт) -> 2_2026-0724-154720_000089_cmp_12.JPG (560461 байт, -90.1%)
2026-07-27 13:10:17,330 - INFO - Сжатие: 2_2026-0724-155028_000090.JPG -> 2_2026-0724-155028_000090_cmp_12.JPG
2026-07-27 13:10:17,834 - INFO - OK: 2_2026-0724-155028_000090.JPG (6141523 байт) -> 2_2026-0724-155028_000090_cmp_12.JPG (626918 байт, -89.8%)
2026-07-27 13:10:17,835 - INFO - Сжатие: 2_2026-0724-155154_000091.JPG -> 2_2026-0724-155154_000091_cmp_12.JPG
2026-07-27 13:10:18,299 - INFO - OK: 2_2026-0724-155154_000091.JPG (5629879 байт) -> 2_2026-0724-155154_000091_cmp_12.JPG (550644 байт, -90.2%)
2026-07-27 13:10:18,300 - INFO - Сжатие: 2_2026-0724-155503_000092.JPG -> 2_2026-0724-155503_000092_cmp_12.JPG
2026-07-27 13:10:18,796 - INFO - OK: 2_2026-0724-155503_000092.JPG (6132275 байт) -> 2_2026-0724-155503_000092_cmp_12.JPG (626074 байт, -89.8%)
2026-07-27 13:10:18,796 - INFO - Сжатие: 2_2026-0724-155703_000093.JPG -> 2_2026-0724-155703_000093_cmp_12.JPG
2026-07-27 13:10:19,272 - INFO - OK: 2_2026-0724-155703_000093.JPG (6121851 байт) -> 2_2026-0724-155703_000093_cmp_12.JPG (666832 байт, -89.1%)
2026-07-27 13:10:19,272 - INFO - Сжатие: 2_2026-0724-160005_000094.JPG -> 2_2026-0724-160005_000094_cmp_12.JPG
2026-07-27 13:10:19,735 - INFO - OK: 2_2026-0724-160005_000094.JPG (5918599 байт) -> 2_2026-0724-160005_000094_cmp_12.JPG (631957 байт, -89.3%)
2026-07-27 13:10:19,735 - INFO - Сжатие: 2_2026-0724-160015_000095.JPG -> 2_2026-0724-160015_000095_cmp_12.JPG
2026-07-27 13:10:20,203 - INFO - OK: 2_2026-0724-160015_000095.JPG (5521969 байт) -> 2_2026-0724-160015_000095_cmp_12.JPG (547652 байт, -90.1%)
2026-07-27 13:10:20,203 - INFO - Сжатие: 2_2026-0724-160024_000096.JPG -> 2_2026-0724-160024_000096_cmp_12.JPG
2026-07-27 13:10:20,685 - INFO - OK: 2_2026-0724-160024_000096.JPG (5587315 байт) -> 2_2026-0724-160024_000096_cmp_12.JPG (555500 байт, -90.1%)
2026-07-27 13:10:20,685 - INFO - Сжатие: 2_2026-0724-160129_000097.JPG -> 2_2026-0724-160129_000097_cmp_12.JPG
2026-07-27 13:10:21,139 - INFO - OK: 2_2026-0724-160129_000097.JPG (5524324 байт) -> 2_2026-0724-160129_000097_cmp_12.JPG (542202 байт, -90.2%)
2026-07-27 13:10:21,139 - INFO - Сжатие: 2_2026-0724-160308_000098.JPG -> 2_2026-0724-160308_000098_cmp_12.JPG
2026-07-27 13:10:21,603 - INFO - OK: 2_2026-0724-160308_000098.JPG (6218805 байт) -> 2_2026-0724-160308_000098_cmp_12.JPG (674316 байт, -89.2%)
2026-07-27 13:10:21,604 - INFO - Сжатие: 2_2026-0724-160322_000099.JPG -> 2_2026-0724-160322_000099_cmp_12.JPG
2026-07-27 13:10:22,075 - INFO - OK: 2_2026-0724-160322_000099.JPG (5761483 байт) -> 2_2026-0724-160322_000099_cmp_12.JPG (591044 байт, -89.7%)
2026-07-27 13:10:22,075 - INFO - Сжатие: 2_2026-0724-160343_000100.JPG -> 2_2026-0724-160343_000100_cmp_12.JPG
2026-07-27 13:10:22,679 - INFO - OK: 2_2026-0724-160343_000100.JPG (5552336 байт) -> 2_2026-0724-160343_000100_cmp_12.JPG (547069 байт, -90.1%)
2026-07-27 13:10:22,679 - INFO - Сжатие: 2_2026-0724-160425_000101.JPG -> 2_2026-0724-160425_000101_cmp_12.JPG
2026-07-27 13:10:23,149 - INFO - OK: 2_2026-0724-160425_000101.JPG (5622976 байт) -> 2_2026-0724-160425_000101_cmp_12.JPG (553436 байт, -90.2%)
2026-07-27 13:10:23,149 - INFO - Сжатие: 2_2026-0724-160619_000102.JPG -> 2_2026-0724-160619_000102_cmp_12.JPG
2026-07-27 13:10:23,642 - INFO - OK: 2_2026-0724-160619_000102.JPG (6191387 байт) -> 2_2026-0724-160619_000102_cmp_12.JPG (673725 байт, -89.1%)
2026-07-27 13:10:23,642 - INFO - Сжатие: 2_2026-0724-160859_000103.JPG -> 2_2026-0724-160859_000103_cmp_12.JPG
2026-07-27 13:10:24,130 - INFO - OK: 2_2026-0724-160859_000103.JPG (6254852 байт) -> 2_2026-0724-160859_000103_cmp_12.JPG (683528 байт, -89.1%)
2026-07-27 13:10:24,130 - INFO - Сжатие: 2_2026-0724-161009_000104.JPG -> 2_2026-0724-161009_000104_cmp_12.JPG
2026-07-27 13:10:24,602 - INFO - OK: 2_2026-0724-161009_000104.JPG (5582208 байт) -> 2_2026-0724-161009_000104_cmp_12.JPG (544835 байт, -90.2%)
2026-07-27 13:10:24,602 - INFO - Сжатие: 2_2026-0724-161846_000105.JPG -> 2_2026-0724-161846_000105_cmp_12.JPG
2026-07-27 13:10:25,088 - INFO - OK: 2_2026-0724-161846_000105.JPG (5541245 байт) -> 2_2026-0724-161846_000105_cmp_12.JPG (542156 байт, -90.2%)
2026-07-27 13:10:25,088 - INFO - Сжатие: 2_2026-0724-162936_000106.JPG -> 2_2026-0724-162936_000106_cmp_12.JPG
2026-07-27 13:10:25,548 - INFO - OK: 2_2026-0724-162936_000106.JPG (6447624 байт) -> 2_2026-0724-162936_000106_cmp_12.JPG (712652 байт, -88.9%)
2026-07-27 13:10:25,548 - INFO - Сжатие: 2_2026-0724-162958_000107.JPG -> 2_2026-0724-162958_000107_cmp_12.JPG
2026-07-27 13:10:26,027 - INFO - OK: 2_2026-0724-162958_000107.JPG (5417552 байт) -> 2_2026-0724-162958_000107_cmp_12.JPG (557574 байт, -89.7%)
2026-07-27 13:10:26,027 - INFO - Сжатие: 2_2026-0724-163053_000108.JPG -> 2_2026-0724-163053_000108_cmp_12.JPG
2026-07-27 13:10:26,522 - INFO - OK: 2_2026-0724-163053_000108.JPG (6381126 байт) -> 2_2026-0724-163053_000108_cmp_12.JPG (532449 байт, -91.7%)
2026-07-27 13:10:26,522 - INFO - Сжатие: 2_2026-0724-163101_000109.JPG -> 2_2026-0724-163101_000109_cmp_12.JPG
2026-07-27 13:10:26,999 - INFO - OK: 2_2026-0724-163101_000109.JPG (5443907 байт) -> 2_2026-0724-163101_000109_cmp_12.JPG (511116 байт, -90.6%)
2026-07-27 13:10:26,999 - INFO - Сжатие: 2_2026-0724-163229_000110.JPG -> 2_2026-0724-163229_000110_cmp_12.JPG
2026-07-27 13:10:27,483 - INFO - OK: 2_2026-0724-163229_000110.JPG (6470674 байт) -> 2_2026-0724-163229_000110_cmp_12.JPG (725325 байт, -88.8%)
2026-07-27 13:10:27,483 - INFO - Сжатие: 2_2026-0724-163538_000111.JPG -> 2_2026-0724-163538_000111_cmp_12.JPG
2026-07-27 13:10:27,961 - INFO - OK: 2_2026-0724-163538_000111.JPG (6047238 байт) -> 2_2026-0724-163538_000111_cmp_12.JPG (608794 байт, -89.9%)
2026-07-27 13:10:27,962 - INFO - Сжатие: 2_2026-0724-163828_000112.JPG -> 2_2026-0724-163828_000112_cmp_12.JPG
2026-07-27 13:10:28,421 - INFO - OK: 2_2026-0724-163828_000112.JPG (5957754 байт) -> 2_2026-0724-163828_000112_cmp_12.JPG (636438 байт, -89.3%)
2026-07-27 13:10:28,421 - INFO - Сжатие: 2_2026-0724-164128_000113.JPG -> 2_2026-0724-164128_000113_cmp_12.JPG
2026-07-27 13:10:28,892 - INFO - OK: 2_2026-0724-164128_000113.JPG (6044503 байт) -> 2_2026-0724-164128_000113_cmp_12.JPG (653790 байт, -89.2%)
2026-07-27 13:10:28,893 - INFO - Сжатие: 2_2026-0724-164434_000114.JPG -> 2_2026-0724-164434_000114_cmp_12.JPG
2026-07-27 13:10:29,361 - INFO - OK: 2_2026-0724-164434_000114.JPG (6044368 байт) -> 2_2026-0724-164434_000114_cmp_12.JPG (654482 байт, -89.2%)
2026-07-27 13:10:29,362 - INFO - Сжатие: 2_2026-0724-164735_000115.JPG -> 2_2026-0724-164735_000115_cmp_12.JPG
2026-07-27 13:10:29,848 - INFO - OK: 2_2026-0724-164735_000115.JPG (6041730 байт) -> 2_2026-0724-164735_000115_cmp_12.JPG (653904 байт, -89.2%)
2026-07-27 13:10:29,848 - INFO - Сжатие: 2_2026-0724-165033_000116.JPG -> 2_2026-0724-165033_000116_cmp_12.JPG
2026-07-27 13:10:30,345 - INFO - OK: 2_2026-0724-165033_000116.JPG (5964723 байт) -> 2_2026-0724-165033_000116_cmp_12.JPG (639611 байт, -89.3%)
2026-07-27 13:10:30,345 - INFO - Сжатие: 2_2026-0724-165328_000117.JPG -> 2_2026-0724-165328_000117_cmp_12.JPG
2026-07-27 13:10:30,813 - INFO - OK: 2_2026-0724-165328_000117.JPG (5975124 байт) -> 2_2026-0724-165328_000117_cmp_12.JPG (640978 байт, -89.3%)
2026-07-27 13:10:30,814 - INFO - Сжатие: 2_2026-0724-165407_000118.JPG -> 2_2026-0724-165407_000118_cmp_12.JPG
2026-07-27 13:10:31,269 - INFO - OK: 2_2026-0724-165407_000118.JPG (5801313 байт) -> 2_2026-0724-165407_000118_cmp_12.JPG (583003 байт, -90.0%)
2026-07-27 13:10:31,269 - INFO - Сжатие: 2_2026-0724-165458_000119.JPG -> 2_2026-0724-165458_000119_cmp_12.JPG
2026-07-27 13:10:31,743 - INFO - OK: 2_2026-0724-165458_000119.JPG (5730624 байт) -> 2_2026-0724-165458_000119_cmp_12.JPG (574744 байт, -90.0%)
2026-07-27 13:10:31,744 - INFO - Сжатие: 2_2026-0724-165508_000120.JPG -> 2_2026-0724-165508_000120_cmp_12.JPG
2026-07-27 13:10:32,216 - INFO - OK: 2_2026-0724-165508_000120.JPG (5380145 байт) -> 2_2026-0724-165508_000120_cmp_12.JPG (481538 байт, -91.0%)
2026-07-27 13:10:32,216 - INFO - Сжатие: 2_2026-0724-165736_000121.JPG -> 2_2026-0724-165736_000121_cmp_12.JPG
2026-07-27 13:10:32,693 - INFO - OK: 2_2026-0724-165736_000121.JPG (5973409 байт) -> 2_2026-0724-165736_000121_cmp_12.JPG (641235 байт, -89.3%)
2026-07-27 13:10:32,693 - INFO - Сжатие: 2_2026-0724-170125_000122.JPG -> 2_2026-0724-170125_000122_cmp_12.JPG
2026-07-27 13:10:33,151 - INFO - OK: 2_2026-0724-170125_000122.JPG (6158600 байт) -> 2_2026-0724-170125_000122_cmp_12.JPG (628731 байт, -89.8%)
2026-07-27 13:10:33,151 - INFO - Сжатие: 2_2026-0724-170134_000123.JPG -> 2_2026-0724-170134_000123_cmp_12.JPG
2026-07-27 13:10:33,646 - INFO - OK: 2_2026-0724-170134_000123.JPG (5705649 байт) -> 2_2026-0724-170134_000123_cmp_12.JPG (575232 байт, -89.9%)
2026-07-27 13:10:33,647 - INFO - Сжатие: 2_2026-0724-170227_000124.JPG -> 2_2026-0724-170227_000124_cmp_12.JPG
2026-07-27 13:10:34,104 - INFO - OK: 2_2026-0724-170227_000124.JPG (5698344 байт) -> 2_2026-0724-170227_000124_cmp_12.JPG (574624 байт, -89.9%)
2026-07-27 13:10:34,105 - INFO - Сжатие: 2_2026-0724-170236_000125.JPG -> 2_2026-0724-170236_000125_cmp_12.JPG
2026-07-27 13:10:34,605 - INFO - OK: 2_2026-0724-170236_000125.JPG (5730957 байт) -> 2_2026-0724-170236_000125_cmp_12.JPG (581232 байт, -89.9%)
2026-07-27 13:10:34,605 - INFO - Сжатие: 2_2026-0724-170901_000126.JPG -> 2_2026-0724-170901_000126_cmp_12.JPG
2026-07-27 13:10:35,088 - INFO - OK: 2_2026-0724-170901_000126.JPG (5833422 байт) -> 2_2026-0724-170901_000126_cmp_12.JPG (607159 байт, -89.6%)
2026-07-27 13:10:35,089 - INFO - Сжатие: 2_2026-0724-170910_000127.JPG -> 2_2026-0724-170910_000127_cmp_12.JPG
2026-07-27 13:10:35,564 - INFO - OK: 2_2026-0724-170910_000127.JPG (5790647 байт) -> 2_2026-0724-170910_000127_cmp_12.JPG (601457 байт, -89.6%)
2026-07-27 13:10:35,564 - INFO - Сжатие: 2_2026-0724-171129_000128.JPG -> 2_2026-0724-171129_000128_cmp_12.JPG
2026-07-27 13:10:36,053 - INFO - OK: 2_2026-0724-171129_000128.JPG (5831106 байт) -> 2_2026-0724-171129_000128_cmp_12.JPG (605031 байт, -89.6%)
2026-07-27 13:10:36,053 - INFO - Сжатие: 2_2026-0724-171225_000129.JPG -> 2_2026-0724-171225_000129_cmp_12.JPG
2026-07-27 13:10:36,751 - INFO - OK: 2_2026-0724-171225_000129.JPG (5799029 байт) -> 2_2026-0724-171225_000129_cmp_12.JPG (601336 байт, -89.6%)
2026-07-27 13:10:36,751 - INFO - Сжатие: 2_2026-0724-171525_000130.JPG -> 2_2026-0724-171525_000130_cmp_12.JPG
2026-07-27 13:10:37,219 - INFO - OK: 2_2026-0724-171525_000130.JPG (5853962 байт) -> 2_2026-0724-171525_000130_cmp_12.JPG (607912 байт, -89.6%)
2026-07-27 13:10:37,220 - INFO - Сжатие: 2_2026-0724-171536_000131.JPG -> 2_2026-0724-171536_000131_cmp_12.JPG
2026-07-27 13:10:37,686 - INFO - OK: 2_2026-0724-171536_000131.JPG (5776870 байт) -> 2_2026-0724-171536_000131_cmp_12.JPG (600599 байт, -89.6%)
2026-07-27 13:10:37,687 - INFO - Сжатие: 2_2026-0724-171621_000132.JPG -> 2_2026-0724-171621_000132_cmp_12.JPG
2026-07-27 13:10:38,161 - INFO - OK: 2_2026-0724-171621_000132.JPG (5737447 байт) -> 2_2026-0724-171621_000132_cmp_12.JPG (597062 байт, -89.6%)
2026-07-27 13:10:38,162 - INFO - Сжатие: 2_2026-0724-171654_000133.JPG -> 2_2026-0724-171654_000133_cmp_12.JPG
2026-07-27 13:10:38,610 - INFO - OK: 2_2026-0724-171654_000133.JPG (5787571 байт) -> 2_2026-0724-171654_000133_cmp_12.JPG (579479 байт, -90.0%)
2026-07-27 13:10:38,610 - INFO - Сжатие: 2_2026-0724-171752_000134.JPG -> 2_2026-0724-171752_000134_cmp_12.JPG
2026-07-27 13:10:39,087 - INFO - OK: 2_2026-0724-171752_000134.JPG (5972060 байт) -> 2_2026-0724-171752_000134_cmp_12.JPG (643923 байт, -89.2%)
2026-07-27 13:10:39,087 - INFO - Сжатие: 2_2026-0724-172117_000135.JPG -> 2_2026-0724-172117_000135_cmp_12.JPG
2026-07-27 13:10:39,569 - INFO - OK: 2_2026-0724-172117_000135.JPG (5710588 байт) -> 2_2026-0724-172117_000135_cmp_12.JPG (563386 байт, -90.1%)
2026-07-27 13:10:39,569 - INFO - Сжатие: 2_2026-0724-172130_000136.JPG -> 2_2026-0724-172130_000136_cmp_12.JPG
2026-07-27 13:10:40,074 - INFO - OK: 2_2026-0724-172130_000136.JPG (5760233 байт) -> 2_2026-0724-172130_000136_cmp_12.JPG (595155 байт, -89.7%)
2026-07-27 13:10:40,075 - INFO - Сжатие: 2_2026-0724-172143_000137.JPG -> 2_2026-0724-172143_000137_cmp_12.JPG
2026-07-27 13:10:40,554 - INFO - OK: 2_2026-0724-172143_000137.JPG (5782331 байт) -> 2_2026-0724-172143_000137_cmp_12.JPG (596318 байт, -89.7%)
2026-07-27 13:10:40,555 - INFO - Сжатие: 2_2026-0724-174745_000138.JPG -> 2_2026-0724-174745_000138_cmp_12.JPG
2026-07-27 13:10:41,042 - INFO - OK: 2_2026-0724-174745_000138.JPG (5653416 байт) -> 2_2026-0724-174745_000138_cmp_12.JPG (590814 байт, -89.5%)
2026-07-27 13:10:41,042 - INFO - Сжатие: 2_2026-0724-174922_000139.JPG -> 2_2026-0724-174922_000139_cmp_12.JPG
2026-07-27 13:10:41,499 - INFO - OK: 2_2026-0724-174922_000139.JPG (5697257 байт) -> 2_2026-0724-174922_000139_cmp_12.JPG (558138 байт, -90.2%)
2026-07-27 13:10:41,499 - INFO - Сжатие: 2_2026-0724-174950_000140.JPG -> 2_2026-0724-174950_000140_cmp_12.JPG
2026-07-27 13:10:41,990 - INFO - OK: 2_2026-0724-174950_000140.JPG (5748598 байт) -> 2_2026-0724-174950_000140_cmp_12.JPG (565770 байт, -90.2%)
2026-07-27 13:10:41,990 - INFO - Сжатие: 2_2026-0724-174957_000141.JPG -> 2_2026-0724-174957_000141_cmp_12.JPG
2026-07-27 13:10:42,119 - ERROR - Ошибка ffmpeg для 2_2026-0724-174957_000141.JPG: ffmpeg version 7.1.5-0+deb13u1 Copyright (c) 2000-2026 the FFmpeg developers
  built with gcc 14 (Debian 14.2.0-19)
  configuration: --prefix=/usr --extra-version=0+deb13u1 --toolchain=hardened --libd
2026-07-27 13:10:42,120 - INFO - [FF:FF:FF:10:FD:CD] Сжатие: сжато=66, ошибок=1
2026-07-27 13:10:42,120 - INFO - [FF:FF:FF:10:FD:CD] Завершено. Закрываю Wi-Fi...
2026-07-27 13:10:42,120 - INFO - BLE: Поиск устройства FF:FF:FF:10:FD:CD...
2026-07-27 13:10:42,449 - INFO - BLE: Устройство FF:FF:FF:10:FD:CD найдено (GCBT40). Отправка 'close'...
2026-07-27 13:10:44,071 - INFO - BLE: Команда 'close' успешно отправлена на FF:FF:FF:10:FD:CD
2026-07-27 13:10:47,132 - INFO - Wi-Fi: активное wifi-подключение не найдено
2026-07-27 13:10:47,132 - INFO - [FF:FF:FF:10:FD:CD] BLE open: 1/8, Wi-Fi connect: 1, Wi-Fi reconnect: 9/9
2026-07-27 13:10:47,145 - INFO - [FF:FF:FF:10:FD:CD] SnapshotLog #125 обновлён (EndTime=2026-07-27 13:10:47.133101, duration=0:17:25.371934)
2026-07-27 13:10:47,146 - INFO - 
==================================================
2026-07-27 13:10:47,146 - INFO - ЗАВЕРШЕНО: 2/2 камер обработано
2026-07-27 13:10:47,146 - INFO - ==================================================
2026-07-27 13:10:47,149 - INFO - Ресурсы освобождены
